numer miejsca,nazwa,nazwa angielska,Opis,współrzędne,typ,czas dojazdu ze Stravros,godziny otwarcia,najlepsza pora zwiedzania,orientacyjny czas zwiedzania,koszt zwiedzania dla rodziny 2+2,Konieczna akcja,Zaplecze gastronomiczne,Ile jedzenia,Poziom trudności ADHD,Potencjał meltdownu,Strategie na meltdown,Ochrona przed słońcem,Najlepiej połączyć z,Zadania dla dzieci
1,Pałac Minojski w Knossos,Minoan Palace of Knossos,"Legendarna stolica minojskiej Krety z ruinami pałacu króla Minosa, mitycznym labiryntem Minotaura i słynnymi rekonstrukcjami kolorowych kolumn oraz fresków, w tym skoków przez byka.","35.2980, 25.1631",Must have,2 godz. 15 min,8:00 - 19:30 (10-15.09) / 8:00 - 19:00 (16-24.09),wczesny poranek lub późne popołudnie,1.5 - 2.5 godziny,"40 EUR (dorośli: 2x20 EUR, dzieci 5 i 7 lat: bezpłatnie)",Rekomendowana rezerwacja biletów online w sezonie (by uniknąć długich kolejek) oraz umówienie licencjonowanego przewodnika na miejscu.,"Tak, przy wejściu oraz w bezpośrednim sąsiedztwie stanowiska archeologicznego znajduje się wiele kawiarni i tradycyjnych tawern turystycznych.","Dużo (Długa trasa / Duży wysiłek) - Weź solidny zapas jedzenia do samochodu na 4–5 godzin jazdy w obie strony. Nawet jeśli przy Knossos są kawiarnie, dzieci z ADHD/AuDHD po tak długiej trasie i zwiedzaniu w słońcu będą potrzebowały natychmiastowych, sprawdzonych przekąsek bez czekania w kolejkach.","Trudne - Długie czekanie w kolejkach, tłumy i wysoka temperatura szybko wyczerpują cierpliwość. Abstrakcyjne ruiny wymagają dużej wyobraźni, a zakaz zbaczania ze ścieżek ogranicza potrzebę ruchu. Wskazówki: Kup bilety online na rano (8:00), użyj aplikacji 3D na iPadzie dla wizualnego zaangażowania, zamień zwiedzanie w poszukiwanie skarbów (np. minotaura/podwójnego topora), zaplanuj częste przerwy w cieniu.","Wysoki do Ekstremalny - Dzieci: Ponad 2-godzinna podróż w jedną stronę buduje ogromne napięcie ruchowe. Na miejscu upał, tłum, brak cienia i konieczność chodzenia po ciasnych pomostach bez możliwości swobodnego biegania to prosta droga do przeciążenia sensorycznego. Rodzice: Silne wyczerpanie jazdą i presja wydanych 40 EUR mogą obniżyć cierpliwość, powodując lęk przed oceną innych ludzi podczas meltdownu dziecka.","Kup bilety online na rano (8:00), wejdźcie na otwarcie. Wypożyczcie iPada z aplikacją 3D – to świetna kotwica uwagi dla 9-latka. Pamiętajcie, że dzieci mają darmowy wstęp: jeśli po 30 minutach poczujecie przeciążenie, opuśćcie obiekt bez poczucia winy lub straty finansowej. Używajcie parasola słonecznego jako mobilnego cienia.","Pełne słońce. Brak naturalnego cienia na terenie ruin pałacu. Konieczne nakrycie głowy, krem z filtrem UV oraz zapas wody.","Cretaquarium (Miejsce 2) - wspólny kierunek na wschód od Chanii; długa trasa, ale oceanarium to świetny przystanek wyciszający na powrocie dla dzieci.","1. Odszukaj malowidło przedstawiające ludzi skaczących przez byka. 2. Policz, ile wielkich glinianych beczek (pitosów) znajduje się w starożytnych spiżarniach. 3. Spróbuj znaleźć wejście do mitycznego labiryntu Minotaura."
2,Cretaquarium,Cretaquarium,"Jedno z największych akwariów w Europie, prezentujące bogate życie Morza Śródziemnego, w tym rekiny, płaszczki i meduzy, w realistycznie odwzorowanych i klimatyzowanych ekosystemach.","35.3326, 25.2825",Must have,2 godz. 25 min,9:30 - 19:00 (sezon letni),popołudnie (świetne schronienie w upalny lub deszczowy dzień),1.5 - 2 godziny,"36 EUR (dorośli: 2x12 EUR, dzieci 5 i 7 lat: 2x6 EUR)","Niewymagana, ale rekomendowany zakup biletów online w sezonie, aby pominąć kolejkę do kasy.","Tak, na miejscu działa kawiarnia i restauracja (Aqua Café-Restaurant) serwująca pełne posiłki i przekąski.","Dużo (Długa trasa / Duży wysiłek) - Weź solidny zapas jedzenia do samochodu na 4–5 godzin jazdy w obie strony. Nawet jeśli przy Knossos są kawiarnie, dzieci z ADHD/AuDHD po tak długiej trasie i zwiedzaniu w słońcu będą potrzebowały natychmiastowych, sprawdzonych przekąsek bez czekania w kolejkach.","Średnie - Akwarium jest wizualnie atrakcyjne i klimatyzowane, co sprzyja wyciszeniu (półmrok). Wyzwaniem mogą być hałas, pogłos (echo) oraz tłumy. Wskazówki: Zabierz słuchawki wygłuszające dla dziecka AuDHD, unikaj godzin szczytu (11:00-15:00), pozwól dziecku sterować tempem oglądania zbiorników.","Wysoki - Dzieci: Bardzo długa trasa autem (2h 25 min) gromadzi duży ładunek energii. Wewnątrz panuje kojący półmrok, ale tłum, hałas i echo w salach mogą wywołać nagły kryzys u dziecka AuDHD. Rodzice: Presja kosztu (36 EUR) i skumulowane zmęczenie po długiej podróży utrudniają elastyczne reagowanie na dysregulację dzieci.","Załóż dziecku AuDHD słuchawki wygłuszające, aby wyciszyć pogłos hal akwarystycznych. Unikajcie godzin szczytu (11:00-15:00). Pozwólcie dzieciom kontrolować tempo przechodzenia obok zbiorników. W razie niepokoju odpocznijcie w Aqua Cafe lub wyjdźcie na pobliską, szeroką plażę Gournes.","Cień (Wewnątrz). Klimatyzowane wnętrza oceanarium, idealne schronienie przed słońcem i upałem w ciągu dnia.",Pałac Minojski w Knossos (Miejsce 1) - oba obiekty leżą w rejonie Heraklionu; ze względu na odległość ze Stavros warto je połączyć w jedną całodniową wyprawę.,"1. Znajdź rekina i policz jego płetwy grzbietowe. 2. Odszukaj najdziwniejszą, świecącą w ciemności meduzę i nazwij jej kolor. 3. Spróbuj wypatrzyć ukrytą na dnie ośmiornicę lub płaszczkę leżącą w piasku."
3,Lake Kournas,Lake Kournas,"Jedyne naturalne słodkowodne jezioro na Krecie, otoczone majestatycznymi wzgórzami Gór Białych, słynące z krystalicznej wody, pływających żółwi błotnych i wypożyczalni rowerów wodnych.","35.3303, 24.2792",Must have,55 min,brak ograniczeń (wypożyczalnie rowerów: 9:00 - 20:00),wczesny poranek lub późne popołudnie,1 - 2 godziny,0 EUR (wstęp wolny; opcjonalnie rower wodny ok. 10-15 EUR/h),Brak (wypożyczenie rowerów wodnych odbywa się na miejscu bez rezerwacji).,"Tak, bezpośrednio przy brzegu jeziora znajduje się rząd tradycyjnych tawern z pięknym widokiem na wodę.","Mało (Lokalny lunch) - Weź kilka drobnych przekąsek na drogę w aucie i wodę. Główny, pyszny posiłek zjecie na miejscu w tawernie.","Łatwe - Dużo przestrzeni na świeżym powietrzu, karmienie kaczek i bezpośredni kontakt z naturą sprzyjają regulacji sensorycznej. Rower wodny ze zjeżdżalnią to świetny sposób na aktywne rozładowanie energii.","Niski do Średni - Dzieci: Dojazd (55 min) jest w granicach tolerancji. Swobodna przestrzeń, kontakt z wodą i karmienie kaczek działają regulująco na układ nerwowy. Ryzyko meltdownu rośnie tylko przy skrajnym zmęczeniu słońcem. Rodzice: Niski koszt wstępu (0 EUR) i relaksujący krajobraz dają poczucie spokoju i brak presji finansowej.","Płynięcie rowerem wodnym z wbudowaną zjeżdżalnią to wspaniały stymulator sensoryczny i sposób na aktywne rozładowanie energii. W razie zmęczenia zjedzcie obiad w jednej z tawern bezpośrednio przy brzegu w głębokim cieniu drzew, gdzie szum wody i kaczki uspokajają układy nerwowe.","Pełne słońce / Półcień. Na tafli wody (rowery wodne) pełne słońce, natomiast przy brzegu pod drzewami i w tawernach jest głęboki, przyjemny cień.","Ancient Aptera (Miejsce 7), Dourakis Winery (Miejsce 38) - wszystkie punkty leżą w tym samym kierunku wzdłuż drogi narodowej; doskonałe połączenie łagodnej natury, historii i relaksu w winnicy.","1. Wypatruj małych żółwi błotnych wygrzewających się na słońcu. 2. Policz, ile gęsi i kaczek pływa blisko brzegu. 3. Podczas jazdy rowerem wodnym, spróbuj dotknąć stopą orzeźwiającej wody i opisz jej temperaturę."
4,Muzeum Archeologiczne w ...,Heraklion Archaeological Museum,"Nowoczesne muzeum w Heraklionie mieszczące najwspanialszą na świecie kolekcję minojskich skarbów, w tym kultowy Dysk z Fajstos i słynny złoty wisiorek z dwoma pszczołami.","35.3392, 25.1370",Must have,20 min,8:00 - 20:00 (lato),popołudnie (ucieczka przed upałem),1.5 - 2 godziny,"40 EUR (dorośli: 2x20 EUR, dzieci 5 i 7 lat: bezpłatnie)","Niewymagana, ale rekomendowany zakup biletów online w sezonie, aby pominąć kolejkę do kasy.","Tak, w samym budynku muzeum działa kawiarnia, a jako że obiekt leży w centrum Heraklionu, wokół są setki restauracji i tawern.",Bardzo mało / Nic (Bezstresowo) - Weź tylko butelkę wody dla dzieci na sam spacer. Wszystko kupicie na miejscu w rozsądnych cenach.,"Trudne - Tradycyjne muzeum z zasadą 'patrz, ale nie dotykaj', wymagające ciszy i hamowania impulsów. Echo w salach może drażnić słuchowo dziecko z AuDHD. Wskazówki: Ogranicz wizytę do 45 minut, skup się na kilku najciekawszych obiektach (np. Dysk z Fajstos - zamień to w zagadkę detektywistyczną), zabierz słuchawki wygłuszające i wykorzystaj interaktywne lub dotykowe kopie eksponatów.","Średni - Dzieci: Krótki dojazd (20 min) pozwala zachować spokój przed wejściem. Jednak ciche, zamknięte sale muzeum i zasada 'nie dotykaj' wymagają silnego hamowania impulsów, co jest trudne dla ADHD. Rodzice: Niski poziom zmęczenia jazdą ułatwia spokojne przewodnictwo, a koszt 40 EUR stwarza umiarkowaną presję, by wizyta była udana.",Zaplanujcie ekspresową wizytę (maksymalnie 30-45 minut). Załóż dziecku AuDHD słuchawki wygłuszające (pogłos w salach). Przekształćcie wizytę w grę detektywistyczną (np. poszukiwanie słynnego Dysku z Fajstos). Wykorzystajcie kawiarnię muzealną lub dziedziniec jako strefę dekompresji.,"Cień (Wewnątrz). Klimatyzowane sale nowoczesnego muzeum, świetna ucieczka przed popołudniowym upałem.","Akti Tompazi 16 (Miejsce 27), Spiti Kolet (Miejsce 19), Ledergasse Chania (Miejsce 33) - wszystkie punkty leżą w obrębie Chanii, co ułatwia spacerową eksplorację bez konieczności wsiadania do auta.","1. Odszukaj słynny Dysk z Fajstos i znajdź na nim symbol przypominający głowę z pióropuszem. 2. Znajdź złotą zawieszkę z dwoma pszczołami trzymającymi kroplę miodu. 3. Wypatrz najmniejsze gliniane naczynie i zgadnij, co starożytne dzieci mogły w nim trzymać."
5,Botanical Garden of Crete,Botanical Garden of Crete,"Przepiękny, 20-hektarowy ogród u stóp Gór Białych, powstały na zgliszczach po pożarze orange-oliwnych gajów, prezentujący bogatą florę z całego świata i swobodnie spacerujące pawie.","35.4183, 23.9392",Must have,55 min,9:00 - do zachodu słońca,rano,2 - 3 godziny,"20 EUR (dorośli: 2x8 EUR, dziecko 7 lat: 4 EUR, dziecko 5 lat: bezpłatnie)",Brak.,"Tak, na miejscu działa wybitna, autorska restauracja serwująca dania tradycyjnej i kreatywnej kuchni kreteńskiej, przygotowywane z produktów z własnego ogrodu.","Mało (Lokalny lunch) - Weź kilka drobnych przekąsek na drogę w aucie i wodę. Główny, pyszny posiłek zjecie na miejscu w tawernie.","Średnie - Długi spacer (około 2.5 km) po pagórkowatym terenie może zmęczyć fizycznie, ale kontakt z roślinami, zwierzętami i otwarta przestrzeń sprzyjają wyciszeniu. Wskazówki: Rób częste przerwy w zacienionych punktach, weź wózek/nosidło dla młodszego dziecka, unikaj godzin południowych.","Średni - Dzieci: Dojazd (55 min) jest znośny. Dużo ruchu na świeżym powietrzu i sensoryka roślin (zapachy, tekstury) sprzyjają regulacji, choć długi spacer (2.5 km) pod górę pod koniec może wywołać meltdown ze zmęczenia fizycznego. Rodzice: Koszt (20 EUR) i piękno przyrody dają dobrą relację jakości do ceny, co zmniejsza stres logistyczny.",Poruszajcie się niespiesznie. Róbcie częste przerwy w zacienionych punktach widokowych. Posiadanie wózka lub nosidła dla 5-latka uchroni go przed przeciążeniem fizycznym. Obiad w tutejszej restauracji podawany jest w spokojnym otoczeniu i działa kojąco po spacerze.,"Półcień. Spacer ścieżkami pod koronami drzew daje dużo naturalnego cienia, choć są też otwarte, nasłonecznione polany. Bardzo komfortowe na spacer.","Manousakis Winery (Miejsce 42), Ntounias (Miejsce 12) - ogród leży w rejonie Vatolakkos/Meskla; idealne połączenie na całodniową wycieczkę w głąb lądu z obiadem lub degustacją.","1. Znajdź spalone, wiekowe drzewo oliwne i dotknij jego szorstkiej kory. 2. Odszukaj roślinę, której liście pachną jak cytryna lub mięta (potrzyj delikatnie listek). 3. Policz pawie, które swobodnie spacerują po ścieżkach ogrodu."
6,Argyroupoli Waterfalls,Argyroupoli Waterfalls,"Urokliwe naturalne wodospady i źródła płynące ze skał pod stuletnimi platanami w Argyroupoli, oferujące kojący szum wody, przyjemny chłód w upalne dni oraz słynne tawerny rybne.","35.2863, 24.3312",Must have,1 godz. 10 min,brak ograniczeń,"popołudnie (szczególnie w upalne dni, ze względu na chłód)",1 - 2 godziny,0 EUR (wstęp wolny),Brak.,"Tak, u stóp wodospadów działa kilka słynnych tawern rybnych specjalizujących się w świeżych pstrągach oraz tradycyjnych daniach kreteńskich.","Mało (Lokalny lunch) - Weź kilka drobnych przekąsek na drogę w aucie i wodę. Główny, pyszny posiłek zjecie na miejscu w tawernie.",Łatwe - Szum wody działa niesamowicie kojąco i regulująco na układ nerwowy. Cień platanów i chłód dają odpoczynek od słońca. Dzieci mogą bezpiecznie biegać wokół strumyków.,"Niski - Dzieci: Dojazd (1h 10 min) jest umiarkowany. Kojący, głośny biały szum wodospadów i naturalny chłód działają niezwykle regulująco na zmysły dzieci. Rodzice: Brak opłaty za wstęp (0 EUR) eliminuje presję finansową, a bliskość świetnych tawern pozwala na spokojny lunch w cieniu platanów.","Idealne miejsce na sensoryczną samoregulację. Pozwólcie dzieciom na bezpieczny, bezpośredni kontakt z zimną wodą (moczenie dłoni, rzucanie listków). Szum wody i głęboki cień platanów koją przebodźcowane zmysły. Zjedzcie spokojny lunch w jednej z restauracji nad wodą.","Cień / Półcień. Głęboki cień rzucany przez potężne, wiekowe platany oraz przyjemny chłód i wilgoć od płynących wodospadów.","Ancient Lappa (Miejsce 8), Lappa Avocado (Miejsce 30) - wszystkie te atrakcje znajdują się w tej samej urokliwej wiosce Argyroupoli; bardzo wygodne i bezstresowe dla dzieci.","1. Zamknij na chwilę oczy i wsłuchaj się w szum wodospadów – spróbuj wskazać ręką, skąd płynie najgłośniejszy strumień. 2. Wypatrz pływające w basenach pstrągi i policz, ile z nich stoi nieruchomo pod prąd wody. 3. Znajdź miejsce, gdzie woda wypływa bezpośrednio z jaskini lub skały."
7,Ancient Aptera,Ancient Aptera,"Imponujące stanowisko archeologiczne na płaskowyżu nad Zatoką Souda, łączące ślady rzymskich cystern o niesamowitej akustyce, bizantyjski klasztor, osmański fort i teatr z widokiem na zatokę.","35.4628, 24.1432",Must have,35 min,8:00 - 19:30 (10-15.09) / 8:00 - 19:00 (16-24.09) (wtorki zamknięte),rano lub późne popołudnie,1.5 - 2 godziny,"20 EUR (dorośli: 2x10 EUR, dzieci bezpłatnie)",Brak (rezerwacja konieczna tylko na rzadkie letnie koncerty organizowane w amfiteatrze).,"W bezpośrednim sąsiedztwie ruin (w wiosce Aptera) znajduje się kilka doskonałych, tradycyjnych tawern chętnie odwiedzanych przez lokalnych mieszkańców.","Mało (Lokalny lunch) - Weź kilka drobnych przekąsek na drogę w aucie i wodę. Główny, pyszny posiłek zjecie na miejscu w tawernie.","Średnie - Rozległy, otwarty teren archeologiczny. Brak tłumów pozwala na swobodne bieganie i rozładowanie energii, jednak ekspozycja na słońce i brak cienia mogą szybko pogorszyć humor. Wskazówki: Zwiedzaj wcześnie rano, poruszaj się ścieżkami jak w labiryncie, weź zapas przekąsek.","Średni - Dzieci: Krótki dojazd (35 min) zapobiega zmęczeniu. Otwarty, rozległy teren pozwala na rozładowanie energii poprzez ruch, ale brak cienia i upał mogą wywołać meltdown w godzinach południowych. Rodzice: Niski stres finansowy (20 EUR) i mała liczba turystów dają komfort psychiczny i brak lęku przed oceną społeczną.","Brak tłumów pozwala dzieciom z ADHD na bezpieczne bieganie i krzyczenie. Wykorzystajcie starożytny teatr do zabawy dźwiękiem (akustyka teatru) jako rozładowanie emocji. Zwiedzajcie wyłącznie rano lub późnym popołudniem z nakryciem głowy, gdyż teren jest bardzo nasłoneczniony.","Pełne słońce. Rozległy, otwarty teren starożytnego miasta, niemal całkowicie pozbawiony drzew i cienia.","Lake Kournas (Miejsce 3), Dourakis Winery (Miejsce 38) lub mill.o.petres (Miejsce 28) - Aptera leży na trasie ze Stavros do rejonu Apokoronas, stanowiąc świetny pierwszy przystanek.","1. Stań na środku starożytnego teatru i wypowiedz szeptem swoje imię – sprawdź, czy usłyszysz echo. 2. Policz, ile kroków ma gigantyczna rzymska cysterna na wodę. 3. Znajdź kamień z wyrytą starożytną literą lub symbolem."
8,Ancient Lappa,Ancient Lappa,"Historyczna górka i dawna część starożytnego rzymskiego miasta Lappa w Argyroupoli, kryjąca ślady rzymskich mozaik, wiekowe gigantyczne drzewa oliwne i urokliwą architekturę.","35.2866, 24.3338",Must have,1 godz. 10 min,brak ograniczeń,przedpołudnie,1 godzina,0 EUR (wstęp wolny),Brak.,"Tak, w wiosce Argyroupoli (starożytna Lappa) działa wiele tradycyjnych tawern słynących z dań mięsnych i rybnych w cieniu bujnej zieleni.","Mało (Lokalny lunch) - Weź kilka drobnych przekąsek na drogę w aucie i wodę. Główny, pyszny posiłek zjecie na miejscu w tawernie.","Łatwe - Spokojna, historyczna wioska, dużo natury, brak tłumów i pośpiechu.","Niski - Dzieci: Spokojna atmosfera dawnej, cichej wioski bez tłumów i pośpiechu sprzyja wyciszeniu zmysłów. Rodzice: Całkowity brak kosztów (0 EUR) i elastyczny czas zwiedzania eliminują pośpiech, dając neuroatypowym rodzicom pełen relaks.","Zwiedzajcie w powolnym tempie, dając dzieciom swobodę eksploracji starożytnych uliczek. Połączcie spacer z wizytą przy chłodnych wodospadach i obiedzie w Argyroupoli, co pozwoli na natychmiastowe zresetowanie układu nerwowego w razie marudzenia.",Pełne słońce / Półcień. Spacer uliczkami dawnego miasta – cień dają mury budynków i drzewa w zależności od pory dnia.,"Argyroupoli Waterfalls (Miejsce 6), Lappa Avocado (Miejsce 30) - to ta sama historyczna wioska górska Argyroupoli; idealna trasa spacerowa.","1. Znajdź najstarsze, gigantyczne drzewo oliwne w wiosce i spróbuj je objąć wraz z rodzicami (policz, ile osób jest potrzebnych). 2. Odszukaj starożytne rzymskie mozaiki ukryte między domami. 3. Znajdź tradycyjne, kamienne koryto na wodę."
9,Arevitis Farm,Arevitis Farm,"Ekologiczne gospodarstwo agroturystyczne w rejonie Chanii, oferujące bliski kontakt ze zwierzętami, naturalne warsztaty i tradycyjne kreteńskie posiłki z własnych ekologicznych upraw.","35.4121, 23.9015",Must have,50 min,otwarte zazwyczaj popołudniu/wieczorem,późne popołudnie,2 - 3 godziny,"0 EUR (wstęp wolny, opcjonalne zakupy/degustacja płatne)",Zalecany kontakt lub rezerwacja przed planowaną wizytą.,"Tak, ekologiczne gospodarstwo agroturystyczne oferujące tradycyjne kreteńskie posiłki przygotowywane z własnych, świeżych produktów.","Mało (Lokalny lunch) - Weź kilka drobnych przekąsek na drogę w aucie i wodę. Główny, pyszny posiłek zjecie na miejscu w tawernie.","Średnie - Farma ze zwierzętami i warsztatami. Kontakt ze zwierzętami jest świetny dla dzieci AuDHD, ale zorganizowane zajęcia wymagają skupienia i czekania na swoją kolej. Wskazówki: Uprzedź dziecko o planie zajęć, przygotuj na hałas zwierząt gospodarskich.","Średni - Dzieci: Dojazd (50 min) jest akceptowalny. Bliskość zwierząt gospodarskich to świetna, regulująca kotwica uwagi, jednak zorganizowane zajęcia i czekanie na swoją kolej mogą frustrować dziecko z ADHD. Rodzice: Brak opłat na wejściu (0 EUR) redukuje stres, a agroturystyczny klimat sprzyja wyciszeniu.","Zwierzaki w gospodarstwie agroturystycznym działają niesamowicie terapeutycznie i kojąco, jednak uprzedźcie dzieci o hałasie i zapachach wsi. Pozwólcie im na niespieszny kontakt ze zwierzętami, bez presji czasu czy sztywnych ram zajęć.","Półcień. Teren gospodarstwa i ogrodu, sporo zacienionych miejsc pod drzewami.","Manousakis Winery (Miejsce 42), Botanical Garden of Crete (Miejsce 5) - obiekt leży w rejonie inland-west od Chanii, świetne zielone i rolnicze sąsiedztwo.","1. Policz kozy i owce w zagrodzie, a potem spróbuj naśladować ich dźwięki. 2. Dowiedz się, jak ma na imię najmłodsze zwierzątko na farmie. 3. Pomóż rodzicom zebrać świeże zioła lub oliwki do koszyka."
10,Kastelli archaeological site,Kastelli Archaeological Site,"Stanowisko archeologiczne w samym sercu Starego Miasta w Chanii na wzgórzu Kastelli, odsłaniające wielowarstwowe ślady starożytnej Kydonii oraz minojskiej cywilizacji.","35.5173, 24.0205",Must have,1 godz.,8:30 - 15:30 (wtorki zamknięte),rano,30 - 60 min,0 EUR (wstęp wolny),Brak.,"Brak na samym wzgórzu archeologicznym, ale znajduje się ono w sercu Starego Miasta w Chanii, w bezpośrednim sąsiedztwie setek restauracji i kawiarni.",Bardzo mało / Nic (Bezstresowo) - Weź tylko butelkę wody dla dzieci na sam spacer. Wszystko kupicie na miejscu w rozsądnych cenach.,"Średnie - Otwarte stanowisko archeologiczne, brak tłumów, ale mało cienia i mało interaktywnych elementów.",Niski - Dzieci: Wizyta jest krótka (30-60 min) i nie wymaga długiego skupienia ani stania w kolejkach na otwartym terenie. Rodzice: Położenie w sercu Chanii i zerowy koszt (0 EUR) ułatwiają natychmiastową ewakuację do restauracji lub powrót do auta w razie gorszego humoru dzieci.,"Szybka, 15-30 minutowa wizyta na wzgórzu w Chanii. W razie braku zainteresowania lub narastającej frustracji słońcem, natychmiast zejdźcie do jednej z klimatyzowanych lodziarni lub kawiarni w Starym Porcie tuż obok wykopu.","Pełne słońce. Odkryty wykop archeologiczny w centrum miasteczka, brak osłony przed słońcem.","Kisamos (Miejsce 17), Acropolis of Polirrinia (Miejsce 23) - wszystkie obiekty leżą w rejonie miasteczka Kissamos na zachodzie wyspy.","1. Wypatrz głębokie wykopy archeologiczne i wyobraź sobie, że jesteś detektywem poszukującym skarbów. 2. Spójrz na okoliczne wzgórza i znajdź najwyższy punkt widoczny na horyzoncie. 3. Narysuj patykiem na ziemi swój własny mityczny znak."
11,Pałac Minojski w Fajstos,Minoan Palace of Phaistos,"Drugi co do wielkości pałac minojski na Krecie, położony na wzgórzu z niesamowitym widokiem na równinę Messara, znany z odkrycia słynnego i wciąż nieodszyfrowanego Dysku z Fajstos.","35.0513, 24.8142",Nice to have,2 godz. 30 min,8:00 - 19:30 (10-15.09) / 8:00 - 19:00 (16-24.09),rano lub późne popołudnie,1 - 1.5 godziny,"30 EUR (dorośli: 2x15 EUR, dzieci 5 i 7 lat: bezpłatnie)",Brak (kameralne i zazwyczaj niezatłoczone stanowisko archeologiczne).,"Tak, na terenie stanowiska archeologicznego znajduje się mała kawiarnia/restauracja oferująca napoje i proste dania z widokiem na równinę Messara.","Dużo (Długa trasa / Duży wysiłek) - Weź solidny zapas jedzenia do samochodu na 4–5 godzin jazdy w obie strony. Nawet jeśli przy Knossos są kawiarnie, dzieci z ADHD/AuDHD po tak długiej trasie i zwiedzaniu w słońcu będą potrzebowały natychmiastowych, sprawdzonych przekąsek bez czekania w kolejkach.","Średnie - Mniej zatłoczone niż Knossos, co redukuje przebodźcowanie społeczne. Jednak nadal jest to otwarty, gorący teren z ruinami bez cienia. Wskazówki: Zaplanuj wizytę późnym popołudniem, zabierz dużo wody, zamień zwiedzanie w aktywną grę terenową.",Wysoki - Dzieci: Ponad 2.5 godziny w samochodzie w jedną stronę to ogromne obciążenie ruchowe. Chodzenie w pełnym słońcu po ruinach bez cienia potęguje zmęczenie fizyczne. Rodzice: Skrajne zmęczenie wielogodzinną jazdą i presja kosztów (30 EUR) przy jednoczesnym braku cienia drastycznie obniżają zasoby cierpliwości rodziców.,"Podobnie jak w Knossos – dzieci wchodzą bezpłatnie, więc nie ma presji czasu ani straty finansowej przy nagłym wyjściu. Wybierzcie wizytę późnym popołudniem (np. o 17:30-18:00), gdy słońce jest nisko, a tłumy zniknęły. Zamieńcie ruiny w labirynt poszukiwaczy skarbów.",Pełne słońce. Wzgórze ze stanowiskiem archeologicznym jest całkowicie odsłonięte i nasłonecznione. Brak cienia.,"Maravel Garden (Miejsce 29) lub Dourakis Winery (Miejsce 38) - ze względu na dużą odległość na południe, winnica Dourakis lub ogród Maravel stanowią świetne punkty przystankowe w drodze.","1. Porównaj te ruiny z Knossos i znajdź 3 różnice (podpowiedź: brak kolorowych kolumn!). 2. Spójrz na olbrzymią równinę Messara i spróbuj dostrzec góry w oddali. 3. Policz szerokie, kamienne stopnie prowadzące do dawnego wejścia do pałacu."
12,Ntounias,Ntounias Traditional Gastronomy Center,"Słynna ekologiczna tawerna i gospodarstwo w Drakonie, gdzie wszystkie potrawy przygotowywane są z miłością w glinianych garnkach na tradycyjnych piecach opalanych drewnem z własnych składników.","35.3853, 23.9922",Nice to have,1 godz.,12:00 - 21:00,popołudnie (powolny obiad),2 - 3 godziny (powolna biesiada),"0 EUR (wstęp wolny, płatność za zamówione jedzenie)","W sezonie letnim rekomendowana wcześniejsza rezerwacja stolika, zwłaszcza na obiad lub kolację w weekendy.","Tak, kultowe miejsce na mapie gastronomicznej Krety. Słynna ekologiczna tawerna serwująca wybitne, tradycyjne potrawy wolno przygotowywane w glinianych naczyniach na piecach opalanych drewnem.","Mało (Lokalny lunch) - Weź kilka drobnych przekąsek na drogę w aucie i wodę. Główny, pyszny posiłek zjecie na miejscu w tawernie.","Średnie - Tawerna na odludziu z wolnym tempem serwowania potraw (wszystko wolno gotowane). Długie czekanie na jedzenie może wywołać niepokój u dziecka z ADHD. Wskazówki: Przed posiłkiem pozwól dzieciom wybiegać się w otoczeniu tawerny i obejrzeć kozy/góry, zabierz ze sobą kolorowanki lub gry podróżne na czas oczekiwania na dania.","Średni do Wysoki - Dzieci: Dojazd (1h) jest umiarkowany, a otoczenie natury i zwierząt na farmie sprzyja wyciszeniu. Jednak bardzo długi czas oczekiwania na wolno gotowane potrawy może doprowadzić do głodowego meltdownu u dziecka z ADHD. Rodzice: Brak presji kosztu wstępu, ale zmęczenie zarządzaniem niecierpliwymi dziećmi przy stoliku w oczekiwaniu na jedzenie może być wyzwaniem.","Z powodu bardzo długiego czasu oczekiwania na wolno gotowane potrawy, koniecznie podajcie dzieciom małe przekąski i napój zaraz po przyjeździe na miejsce, by uniknąć meltdownu głodowego. Przed posiłkiem pozwólcie im swobodnie biegać wokół tawerny i oglądać kozy górskie.","Półcień / Cień. Stoliki tawerny usytuowane są pod rozłożystymi drzewami, dającymi naturalną ochronę i głęboki cień.","Sarakina Meskla Gorge (Miejsce 13), Botanical Garden of Crete (Miejsce 5) - położone blisko siebie w górskim rejonie Meskla; krótki spacer wąwozem idealnie zaostrzy apetyt przed biesiadą.","1. Wypatrz wielkie glinianych garnki stojące na tradycyjnych piecach opalanych drewnem. 2. Znajdź kozę lub osiołka pasącego się w pobliżu tawerny. 3. Podczas czekania na jedzenie, narysuj w swoim notesie to, co widzisz wokół (góry, ogniska)."
13,Sarakina Meskla Gorge,Sarakina Meskla Gorge,"Krótki, spektakularny i niezwykle zielony wąwóz pod Mesklą, który dzięki wilgoci, bujnej roślinności, wiszącym skałom i kładkom przypomina krajobrazy zielonej Madery.","35.4024, 23.9575",Nice to have,55 min,brak ograniczeń,popołudnie (cień i przyjemny chłód),1 godzina (pętla),0 EUR (wstęp wolny),Brak.,"Brak w samym wąwozie, ale tuż przy jego wejściu w wiosce Meskla działa urocza, tradycyjna tawerna Halaris ukryta w cieniu platanów nad górskim strumykiem.","Mało (Lokalny lunch) - Weź kilka drobnych przekąsek na drogę w aucie i wodę. Główny, pyszny posiłek zjecie na miejscu w tawernie.","Łatwe - Krótki, spektakularny wąwóz. Chodzenie po kładkach i formacjach skalnych jest niesamowicie angażujące i ekscytujące fizycznie, a trasa jest na tyle krótka, że dziecko nie zdąży się znudzić.","Niski - Dzieci: Krótka, niezwykle ekscytująca trasa po drewnianych kładkach i mostkach (ok. 1h) działa jak fascynujący plac zabaw i nie pozwala na nudę. Naturalny cień i chłód zapobiegają przegrzaniu. Rodzice: Brak opłat (0 EUR), krótki dojazd (55 min) i wysoka atrakcyjność wizualna dają 100% radości przy zerowym stresie.",Fizyczna wspinaczka po bezpiecznych kładkach i formacjach skalnych jest niesamowicie angażująca i działa jako świetny stymulator proprioceptywny dla dzieci z ADHD. Krótki czas pętli zapobiega znużeniu. Po spacerze odpocznijcie w zacienionej tawernie Halaris przy wejściu.,"Cień / Półcień. Wąskie dno wąwozu Meskla ze stromymi, bliskimi siebie skałami zapewnia stały, przyjemny cień przez większość dnia.","Ntounias (Miejsce 12), Manousakis Winery (Miejsce 42) - krótki, ekscytujący spacer wąwozem w Meskli doskonale łączy się z obiadem w ekologicznej tawernie Ntounias.","1. Przejdź bezpiecznie po drewnianych kładkach, starając się nie dotknąć ziemi (gra 'podłoga to lawa'). 2. Dotknij chłodnych, gładkich ścian wąwozu i opisz, jak się czujesz. 3. Znajdź miejsce, gdzie ściany wąwozu są tak blisko siebie, że możesz dotknąć obu rąk naraz."
14,Forteca Spinalonga,Spinalonga Fortress,"Skalista wysepka z potężną wenecką fortecą obronną, która w latach 1903–1957 służyła jako ostatnia aktywna kolonia trędowatych w Europie, kryjąca niezwykłe ludzkie historie.","35.2975, 25.7417",Nice to have,3 godz. 15 min,8:30 - 18:00 (codziennie),wczesny poranek (przed wycieczkowcami),1.5 - 2.5 godziny,"40 EUR (wejście dorośli: 2x20 EUR, dzieci bezpłatnie) + łódka ok. 30 EUR (2x10 EUR dorośli, 2x5 EUR dzieci 5-12 lat)","Brak (rekomendowany zakup biletów online w sezonie, by pominąć kolejkę po przybyciu na wyspę).",Na samej wyspie działa mała i dość droga kawiarnia. Pełne zaplecze gastronomiczne z doskonałymi tawernami rybnymi znajduje się w portach przesiadkowych w Place i Eloundzie.,"Bardzo dużo (Pełen ekwipunek / Brak jedzenia na miejscu) - Weź pełną torbę termiczną: pożywne kanapki, pokrojone owoce, suche przekąski i bardzo duży zapas wody (minimum 1.5 litra na osobę). Na miejscu nie będziecie mieli gdzie kupić pełnowartościowego jedzenia dla dzieci.","Trudne - Wyspa-forteca z dramatyczną historią. Wymaga rejsu statkiem, chodzenia po kamiennych ścieżkach w pełnym słońcu bez cienia i trzymania się grupy/ścieżki. Wskazówki: Zwiedzaj rano lub późnym popołudniem, zabierz parasol przeciwsłoneczny chroniący przed słońcem, zamień zwiedzanie w misję odkrywców (np. rysowanie mapy wyspy w notesie).","Ekstremalny - Dzieci: Ponad 3 godziny w aucie, potem przesiadka na łódkę i zwiedzanie skalistej wyspy w pełnym słońcu bez cienia i bez opcji natychmiastowej ewakuacji to ekstremalny test sensoryczny. Rodzice: Wycieńczenie jazdą, wysoki koszt łączny (ok. 70 EUR dla rodziny) oraz uwięzienie na wyspie przy braku cienia to gotowy przepis na meltdown całej rodziny.",Ekstremalny test sensoryczny. Słuchawki wygłuszające na łódkę (hałas silnika). Używajcie parasola słonecznego jako mobilnego cienia podczas spaceru po wyspie. Nie trzymajcie się grup turystycznych. W razie buntu zróbcie przerwę w ustronnym miejscu lub skróćcie rejs i wróćcie do bazy Plaka.,Pełne słońce. Skalista wysepka z fortecą jest całkowicie pozbawiona drzew i cienia. Bardzo silne nasłonecznienie.,"Cretaquarium (Miejsce 2) na trasie powrotnej - ze względu na ekstremalną odległość, Spinalonga powinna być głównym celem, a oceanarium może być spokojnym przystankiem w połowie drogi powrotnej.","1. Wejdź na wyspę przez ciemny tunel wejściowy (Dante's Gate) i wyobraź sobie, że wkraczasz do tajemnego zamku. 2. Odszukaj mały, opuszczony domek z kolorowymi okiennicami. 3. Policz, ile armat lub otworów strzelniczych w murach obronnych uda Ci się wypatrzyć."
15,Starożytne Lato,Ancient Lato,"Jedno z najlepiej zachowanych miast-państw z okresu klasycznego i hellenistycznego w Grecji, malowniczo położone na wzgórzu z widokiem na Zatokę Mirabello. Zachowały się tu ruiny agory, świątyń, teatru oraz prytanejonu.","35.1794, 25.6582",Nice to have,2 godz. 30 min,8:30 - 15:30 (wtorki zamknięte),wczesny poranek (unikanie upału i słońca),1 - 1.5 godziny,"10 EUR (dorośli: 2x5 EUR, dzieci 5 i 7 lat: bezpłatnie)","Brak (bilety kupuje się na miejscu bez kolejki, nie ma potrzeby wcześniejszej rezerwacji).",Brak na miejscu (mały kiosk z napojami przy kasie). Pełne zaplecze gastronomiczne (tradycyjne tawerny) w pobliskiej wiosce Kritsa (ok. 3 km) lub w Agios Nikolaos (ok. 10 km).,"Dużo (Długa trasa / Duży wysiłek) - Weź solidny zapas jedzenia do samochodu na 4–5 godzin jazdy w obie strony. Nawet jeśli przy Knossos są kawiarnie, dzieci z ADHD/AuDHD po tak długiej trasie i zwiedzaniu w słońcu będą potrzebowały natychmiastowych, sprawdzonych przekąsek bez czekania w kolejkach.","Trudne - Stanowisko położone na stromym wzgórzu z dużą liczbą schodów i nierównym terenem skalnym. Pełne słońce i wysoka temperatura mogą szybko zmęczyć dzieci. Wskazówki: Zamień wspinaczkę w misję odkrywców, rób częste przerwy na picie wody, załóż dzieciom stabilne buty sportowe, unikaj zwiedzania w godzinach południowych.",Wysoki - Dzieci: Bardzo długi dojazd (2.5 h) połączony ze stromym podejściem pod górę w pełnym słońcu bez cienia może wywołać szybki bunt i meltdown fizyczny. Rodzice: Zmęczenie za kółkiem oraz brak zaplecza gastronomicznego na miejscu zwiększają niepokój logistyczny przy relatywnie niskim koszcie (10 EUR).,"Kameralne, puste ruiny pozwalają na swobodne bieganie. Załóżcie dzieciom stabilne, sportowe buty na strome, skalne ścieżki. W razie dysregulacji spowodowanej upałem, zrezygnujcie z wchodzenia na najwyższy punkt i przejdźcie do tradycyjnej tawerny w zacienionej wiosce Kritsa obok.","Pełne słońce. Brak naturalnego cienia na terenie ruin miasta. Konieczne nakrycie głowy, krem z filtrem UV oraz zapas wody.",Forteca Spinalonga (Miejsce 14) - wspólny kierunek na wschód wyspy; warto też połączyć z wizytą w tradycyjnej wiosce Kritsa i przejściem krótkiego odcinka wąwozu Kritsa.,"1. Policz, ile stopni prowadzi na szczyt starożytnej agory (rynku). 2. Znajdź wielki, wykuty w skale zbiornik (cysternę) na deszczówkę i spróbuj usłyszeć w nim swoje echo. 3. Odszukaj ruiny prytanejonu (starożytnego ratusza) i wyobraź sobie, gdzie płonął wieczny ogień."
16,Plaża Elafonisi,Elafonisi Beach,"Słynna na cały świat rajska plaża na południowo-zachodnim krańcu Krety z płytką, ciepłą, turkusową wodą i różowym piaskiem pochodzącym z rozdrobnionych muszli i koralowców.","35.2715, 23.5415",others,1 godz. 50 min,brak ograniczeń,wcześnie rano lub późne popołudnie / poza sezonem,3 - 5 godzin (pół dnia),"0 EUR (wstęp wolny; opcjonalnie leżaki ok. 15-20 EUR, parking ok. 3-5 EUR)",Brak.,"Tak, przy plaży i głównym parkingu działają tawerny, beach bary oraz punkty szybkiej gastronomii.","Dużo (Długa trasa / Duży wysiłek) - Weź solidny zapas jedzenia do samochodu na 4–5 godzin jazdy w obie strony. Nawet jeśli przy Knossos są kawiarnie, dzieci z ADHD/AuDHD po tak długiej trasie i zwiedzaniu w słońcu będą potrzebowały natychmiastowych, sprawdzonych przekąsek bez czekania w kolejkach.","Średnie - Piękna plaża z płytką wodą, ale silny wiatr, wszechobecny piasek i tłumy mogą powodować przebodźcowanie sensoryczne (szczególnie u dziecka z AuDHD). Wskazówki: Wybierz spokojniejszy sektor plaży, zabierz namiot plażowy jako 'bezpieczną bazę' do wyciszenia, unikaj godzin szczytu.","Wysoki - Dzieci: Dojazd (1h 50 min) jest męczący. Na miejscu silny wiatr, głośny szum morza, gęsty tłum i drażniący piasek mogą doprowadzić do przebodźcowania sensorycznego dziecka AuDHD. Rodzice: Brak opłaty za wstęp (0 EUR), ale długa, kręta trasa górami i wysokie zmęczenie tłumem utrudniają regenerację.","Zabierzcie lekki namiot plażowy typu pop-up – posłuży na wydmach jako sensoryczna 'bezpieczna baza' chroniąca dziecko AuDHD przed drażniącym wiatrem, piaskiem i hałasem tłumu. Wybierzcie ustronny, spokojniejszy sektor plaży z dala od głośnego centrum z leżakami.","Pełne słońce. Rozległa, otwarta przestrzeń plaży i wydm. Brak naturalnego cienia, zalecane własne namioty plażowe lub wypożyczenie parasoli.",Anoskeli Winery (Miejsce 39) lub Ilys Ceramics (Miejsce 31) na powrocie - bardzo długa trasa; wizyta w winnicy Anoskeli na trasie powrotnej to idealny sposób na relaks i rozbicie podróży autem dla dzieci.,"1. Nazwij wszystkie odcienie piasku, które widzisz (szukaj różowego piasku przy brzegu!). 2. Przejdź przez płytką wodę na wyspę Elafonisi bez moczenia spodenek. 3. Znajdź 5 różnych muszelek i ułóż z nich na piasku kształt słońca."
17,Balos,Balos Lagoon,"Surrealistyczna laguna z płytką, krystalicznie czystą wodą o wielu odcieniach turkusu i różowym piaskiem, otoczona spektakularnym krajobrazem półwyspu Tigani i wyspy Gramvousa.","35.5841, 23.5915",others,1 godz. 30 min,brak ograniczeń,bardzo wcześnie rano (przed 9:00) lub późnym popołudniem (po 16:00),4 - 6 godzin (pół dnia),"2 EUR (samochodem: opłata ekologiczna 2x1 EUR) lub ok. 130 EUR (promem z Kissamos: dorośli 2x41 EUR, dzieci 2x24 EUR)",Bardzo rekomendowana rezerwacja biletów na prom z Kissamos z wyprzedzeniem w sezonie letnim.,Bardzo ograniczone (mała kantyna na plaży z przekąskami). Wybitna tawerna Gramvousa z tradycyjnym jedzeniem znajduje się w wiosce Kaliviani na trasie dojazdowej.,"Bardzo dużo (Pełen ekwipunek / Brak jedzenia na miejscu) - Weź pełną torbę termiczną: pożywne kanapki, pokrojone owoce, suche przekąski i bardzo duży zapas wody (minimum 1.5 litra na osobę). Na miejscu nie będziecie mieli gdzie kupić pełnowartościowego jedzenia dla dzieci.","Trudne - Bardzo wymagający, stromy i gorący trekking pod górę (30-40 min) po kamieniach, bez cienia, lub długa podróż zatłoczonym promem. Bardzo wysokie ryzyko przebodźcowania i wybuchu złości (meltdown). Wskazówki: Jeśli wybierasz drogę lądową, przyjedź ekstremalnie wcześnie (7:30 rano), aby uniknąć słońca i tłumów. Jeśli płyniesz promem, znajdź spokojne miejsce na pokładzie. Przygotuj ulubione przekąski i nagrody za kolejne etapy drogi. Rozważ alternatywnie łatwiejsze, spokojniejsze plaże (np. Tersanas, Kalathas).","Ekstremalny - Dzieci: Jazda wyboistą drogą, a następnie stromy, 40-minutowy trekking w pełnym słońcu po skałach (lub długa podróż zatłoczonym promem) to gwarancja wyczerpania i sensorycznego kryzysu. Rodzice: Ogromny lęk o bezpieczeństwo dzieci na szlaku, skrajne zmęczenie upałem oraz wysokie koszty promu (ok. 130 EUR) generują gigantyczne napięcie u neuroatypowych dorosłych.","Ekstremalne wyzwanie. Jeśli jedziecie autem, zaparkujcie przed 7:30 rano, aby zejść na plażę w chłodzie i spokoju. Posiadanie namiotu plażowego (baza sensoryczna) jest kluczowe. Spakujcie pełną lodówkę turystyczną z ulubionym, sprawdzonym jedzeniem. W razie silnego oporu – bez wahania odpuśćcie i zawróćcie.","Pełne słońce. Zarówno strome podejście/zejście pieszo, jak i sama laguna są całkowicie wystawione na słońce. Bezwzględnie konieczna ochrona przed słońcem i nakrycie głowy.","Kisamos (Miejsce 17), Kastelli archaeological site (Miejsce 10) - rejs na Balos rozpoczyna się i kończy w porcie w Kissamos, co czyni te miejsca naturalnymi partnerami.","1. Podczas schodzenia ze wzgórza, spójrz na lagunę i policz, ile różnych kolorów wody potrafisz dostrzec. 2. Znajdź na plaży płytkie jeziorko z ciepłą wodą i sprawdź, czy pływają w nim malutkie rybki. 3. Zbuduj z wilgotnego piasku zamek obronny godny króla Minosa."
18,Kisamos,Kissamos,"Klimatyczne miasteczko portowe na zachodzie Krety, będące główną bazą wypadową dla rejsów na Balos, oferujące tawerny rybne, kawiarnie i tradycyjną atmosferę siga-siga.","35.4947, 23.6529",others,1 godz.,brak ograniczeń,popołudnie lub wieczór,1 - 3 godziny,0 EUR (wstęp wolny),Brak.,"Tak, w miasteczku Kissamos oraz w okolicach portu znajdziesz pełne zaplecze z restauracjami, kawiarniami i tawernami rybnymi.","Mało (Lokalny lunch) - Weź kilka drobnych przekąsek na drogę w aucie i wodę. Główny, pyszny posiłek zjecie na miejscu w tawernie.","Łatwe - Miasteczko portowe z otwartą przestrzenią, łatwy dostęp do jedzenia i lodów, brak barier architektonicznych i swobodna atmosfera.","Niski - Dzieci: Łatwy dojazd (1h) drogą szybkiego ruchu. Swobodne miasteczko, łatwy dostęp do lodów i brak rygorystycznych zasad sprzyjają swobodnemu zachowaniu. Rodzice: Brak kosztów (0 EUR) i pełna elastyczność czasowa pozwalają na bezstresowe spędzenie czasu.",Swobodna wizyta bez barier architektonicznych i presji czasu. W razie zmęczenia lub głodu natychmiast usiądźcie w klimatyzowanej kawiarni przy porcie na lody. Pozwólcie dzieciom spacerować brzegiem portu pod Waszą opieką.,"Pełne słońce / Półcień. Otwarta przestrzeń miasteczka i portu, ale kawiarnie i tawerny oferują zacienione tarasy i markizy.","Balos (Miejsce 16), Kastelli archaeological site (Miejsce 10), Acropolis of Polirrinia (Miejsce 23) - miasteczko jest bramą do Balos oraz sąsiaduje bezpośrednio ze starożytną Polirrinią.","1. Spacerując promenadą, znajdź statek cumujący w porcie i zgadnij, dokąd płynie. 2. Kup tradycyjny kreteński lód i spróbuj nazwać jego smak. 3. Znajdź rzeźbę lub kotwicę morską przy porcie."
19,Jaskinia Zeusa,Cave of Zeus,"Legendarna jaskinia Diktejska położona na wysokości 1050 m n.p.m. w dolinie Lasithi, uznawana w mitologii greckiej za mityczne miejsce narodzin najpotężniejszego z bogów – Zeusa.","35.1627, 25.4452",others,3 godz. 20 min,8:00 - 18:00 (sezon letni),wczesny poranek (unikanie autokarów),1 - 1.5 godziny,"12 EUR (dorośli: 2x6 EUR, dzieci 5 i 7 lat: bezpłatnie)",Brak (bilety kupuje się w kasie przy wejściu do jaskini).,"Tak, przy parkingu na dole szlaku oraz w sąsiedniej wiosce Psychro znajduje się kilka tradycyjnych tawern i kawiarni.","Dużo (Długa trasa / Duży wysiłek) - Weź solidny zapas jedzenia do samochodu na 4–5 godzin jazdy w obie strony. Nawet jeśli przy Knossos są kawiarnie, dzieci z ADHD/AuDHD po tak długiej trasie i zwiedzaniu w słońcu będą potrzebowały natychmiastowych, sprawdzonych przekąsek bez czekania w kolejkach.","Trudne - Bardzo strome podejście pod górę (20-30 min), wewnątrz jaskini jest ciemno, wilgotno, ślisko i obowiązuje ruch jednokierunkowy po wąskich schodach w tłumie (brak możliwości szybkiego wyjścia). Wysokie ryzyko lęku i przebodźcowania. Wskazówki: Przyjdź dokładnie na otwarcie jaskini (8:00), wyposaż dzieci w ich własne małe latarki/czołówki (daje to poczucie kontroli i zamienia wejście w przygodę), uprzedź o nagłej zmianie temperatury i wilgotności.","Ekstremalny - Dzieci: Ponad 3.5 h w aucie, potem bardzo strome podejście pod górę, a wewnątrz ciemność, zimno, wilgoć i ciasny tłum na wąskich schodach – potężne ryzyko ataku paniki lub meltdownu sensorycznego. Rodzice: Ekstremalne wycieńczenie prowadzeniem auta, stres finansowy (12 EUR wstęp, ale długa droga) i lęk o bezpieczeństwo dzieci na śliskich schodach w tłumie gwałtownie wyczerpują zasoby cierpliwości.","Wejdźcie dokładnie na otwarcie (8:30) lub przed falami autokarów. Wyposażcie dzieci w ich własne, małe latarki czołówki – posiadanie własnego światła daje dziecku AuDHD poczucie kontroli i zamienia lęk w ekscytującą misję badawczą. Uprzedźcie o nagłym spadku temperatury.","Cień (Wewnątrz). Całkowity brak słońca, wewnątrz jaskini panuje stały, wręcz orzeźwiający chłód (warto zabrać lekką bluzę).",Cretaquarium (Miejsce 2) na trasie powrotnej - wyjątkowo długa trasa; wizyta w klimatyzowanym oceanarium w drodze powrotnej pozwoli dzieciom wyciszyć się po trudach wspinaczki.,"1. Użyj swojej latarki czołówki, aby oświetlić najciemniejsze zakamarki jaskini (szukaj nietoperzy!). 2. Znajdź stalaktyt (wiszący z góry) i stalagmit (rosnący z dołu), które prawie się łączą. 3. Wrzuć monetę do podziemnego jeziora i wypowiedz w myślach życzenie do króla bogów – Zeusa."
20,Spiti Kolet,Spiti Kolet,"Historyczny dom Koletisa i malowniczy punkt widokowy w prestiżowej, nadmorskiej dzielnicy Chalepa w Chanii, oferujący spektakularną panoramę miasta i weneckiej latarni morskiej.","35.5186, 24.0435",others,25 min,brak ograniczeń (oglądanie z zewnątrz),dowolna pora dnia,15 - 30 min,"0 EUR (punkt widokowy, wstęp wolny)",Brak (oglądanie wyłącznie z zewnątrz).,"Brak bezpośrednio na miejscu (punkt widokowy w Chanii), ale bardzo blisko znajduje się kawiarnia/bar Sunset w Stavros oraz lokale w centrum Chanii.",Bardzo mało / Nic (Bezstresowo) - Weź tylko butelkę wody dla dzieci na sam spacer. Wszystko kupicie na miejscu w rozsądnych cenach.,"Łatwe - Szybki punkt widokowy, brak tłumów, krótki czas pobytu bez wymagań cierpliwości.",Niski - Dzieci: Dojazd to zaledwie 25 minut. Szybki punkt widokowy nie wymaga cierpliwości ani długiego chodzenia. Rodzice: Brak kosztów (0 EUR) i natychmiastowa możliwość powrotu lub ewakuacji na pobliską plażę Stavros dają pełen komfort psychiczny.,"Szybki punkt widokowy o zerowych wymaganiach cierpliwości. W razie niepokoju lub marudzenia zejdźcie od razu do Sunset Cafe lub na pobliską plażę w Stavros, która jest bezpiecznym i płytkim miejscem na wyciszenie zmysłów.",Pełne słońce. Oglądanie punktu widokowego z zewnątrz odbywa się na otwartej przestrzeni.,"Muzeum Archeologiczne w ... (Miejsce 4), Akti Tompazi 16 (Miejsce 27) - wszystkie obiekty leżą w malowniczej dzielnicy Chalepa i porcie w Chanii.","1. Spójrz przez lunetę lub po prostu wytęż wzrok i znajdź latarnię morską w Chanii. 2. Policz, ile kopuł kościołów widzisz w panoramie miasta. 3. Zrób śmieszne zdjęcie z rodzicami na tle spektakularnego widoku."
21,Agios Antonios,Agios Antonios Gorge,"Gęsto zalesiony, zacieniony wąwóz Patsos z kapliczką św. Antoniego ukrytą bezpośrednio wewnątrz wielkiej groty skalnej oraz orzeźwiającym, czystym górskim potokiem.","35.2536, 24.5714",others,1 godz. 30 min,brak ograniczeń,rano lub wczesne popołudnie,1 - 2 godziny,0 EUR (wstęp wolny),Brak.,"Tak, tuż przy wejściu do wąwozu i jaskini/kaplicy działa bardzo klimatyczna, tradycyjna tawerna w cieniu drzew.","Średnio (Warto coś spakować) - Weź owoce, musy i małe kanapki do auta. Na miejscu nie ma pełnej restauracji, więc dzieci mogą zgłodnieć podczas zwiedzania przed właściwym obiadem.","Średnie - Wąwóz i urocze wejście, ale wymaga uważnego chodzenia po nierównym terenie. Mało bodźców negatywnych, dużo natury.","Średni - Dzieci: Dojazd (1.5 h) wymaga przekąsek w aucie. Piękny, zacieniony wąwóz z jaskinią i kapliczką jest sensorycznie wyciszający, pod warunkiem uważnego chodzenia po kamieniach. Rodzice: Brak kosztów (0 EUR), a urocza tawerna przy wejściu daje poczucie bezpieczeństwa i możliwość zjedzenia spokojnego lunchu w cieniu.","Trasa jest osłonięta i pełna natury, ale wymaga uważnego stąpania po kamieniach. Róbcie przerwy w cieniu skał. Po zwiedzeniu wejdźcie na wyciszający odpoczynek do klimatycznej, tradycyjnej tawerny ukrytej pod platanami tuż przy wejściu do wąwozu.","Cień / Półcień. Wąwóz św. Antoniego (Agios Antonios) jest gęsto zalesiony i osłonięty skałami, co zapewnia zbawienny cień podczas wędrówki.","Dourakis Winery (Miejsce 38), Eleutherna Archaeological M... (Miejsce 24) - wąwóz leży we wschodniej części, co świetnie łączy się z wizytą w winnicy Dourakis na trasie powrotnej.",1. Odszukaj mały kościółek ukryty bezpośrednio wewnątrz wielkiej groty skalnej. 2. Przepłyń dłonią przez chłodny górski potok płynący dnem wąwozu. 3. Wsłuchaj się w śpiew ptaków w koronach drzew i spróbuj naśladować jednego z nich.
22,Wyjście Z Wąwozu Imbros,Exit of Imbros Gorge,"Komitades – urokliwa wieś u wylotu malowniczego, 8-kilometrowego wąwozu Imbros, będącego łatwiejszą i bardzo przyjazną dla rodzin alternatywą dla wąwozu Samaria.","35.2078, 24.1685",others,1 godz. 30 min,brak ograniczeń (wąwóz płatny zazwyczaj 8:00 - 16:00),rano,2 - 3 godziny (czas przejścia wąwozu),"6 EUR (dorośli: 2x3 EUR, dzieci pod opieką dorosłych bezpłatnie)",Brak (bilet kupuje się na miejscu; opcjonalnie taksówkę powrotną można uzgodnić na miejscu).,"Tak, w wiosce Komitades (na końcu wąwozu) oraz w Imbros (na początku) znajdują się świetne tradycyjne tawerny serwujące np. sfakiani pita z miodem.","Dużo (Długa trasa / Duży wysiłek) - Weź solidny zapas jedzenia do samochodu na 4–5 godzin jazdy w obie strony. Nawet jeśli przy Knossos są kawiarnie, dzieci z ADHD/AuDHD po tak długiej trasie i zwiedzaniu w słońcu będą potrzebowały natychmiastowych, sprawdzonych przekąsek bez czekania w kolejkach.","Średnie - Przejście wąwozu zajmuje 2-3 godziny po luźnych kamieniach. Może być nużące dla dziecka z ADHD i męczące dla 5-latka. Wskazówki: Podziel trasę na małe cele (np. 'dochodzimy do tamtego drzewa i jemy żelka'), urozmaicaj drogę opowieściami lub grami słownymi, zadbaj o stabilne obuwie.","Wysoki - Dzieci: Długa podróż (1.5 h) i 3-godzinny marsz po luźnych, śliskich kamieniach mogą szybko znudzić i fizycznie wyczerpać dzieci, prowadząc do buntu i odmowy dalszej drogi. Rodzice: Niski koszt (6 EUR), ale obawa o kontuzje dzieci i brak możliwości skrócenia szlaku w połowie drogi generują wysoki poziom stresu logistycznego.","Podzielcie 8-kilometrową trasę na malutkie, interaktywne etapy z natychmiastową nagrodą (np. 'dochodzimy do tamtego śmiesznego drzewa i jemy żelka/krakersa'). Urozmaicajcie wędrówkę grami słownymi i historiami. Zapewnijcie wygodne buty i upewnijcie się, że macie wodę.","Półcień. Trasa biegnie dnem wąwozu, gdzie wysokie, pionowe ściany skalne oraz drzewa dają okresowy, naturalny cień.",Dourakis Winery (Miejsce 38) - winnica leży dokładnie na trasie powrotnej z wąwozu do Stavros; idealne miejsce na wyciszenie i odpoczynek po rodzinnym trekkingu.,"1. Policz, ile razy ścieżka wąwozu staje się tak wąska, że możesz dotknąć obu skalnych ścian naraz. 2. Znajdź naturalny kamienny łuk skalny (bramę) i przejdź pod nim z podniesionymi rękami. 3. Po wyjściu w Komitades, nagródź się pysznym sokiem i zjedz tradycyjną Sfakiani Pitę."
23,Grotte marine de Koutalas,Koutalas Marine Cave,"Dzika, kamienista zatoczka i jaskinia morska na półwyspie Apokoronas, oferująca nieskażoną przyrodę, krystaliczną wodę idealną do snorkelingu i całkowity spokój z dala od tłumów.","35.4608, 24.2341",others,55 min,brak ograniczeń,rano lub wczesne popołudnie,1 - 2 godziny,0 EUR (wstęp wolny),Brak.,Brak jakiejkolwiek infrastruktury gastronomicznej na miejscu (dzika zatoka i jaskinia morska). Konieczne jest zabranie własnego jedzenia i wody.,"Dużo (Długa trasa / Duży wysiłek) - Weź solidny zapas jedzenia do samochodu na 4–5 godzin jazdy w obie strony. Nawet jeśli przy Knossos są kawiarnie, dzieci z ADHD/AuDHD po tak długiej trasie i zwiedzaniu w słońcu będą potrzebowały natychmiastowych, sprawdzonych przekąsek bez czekania w kolejkach.","Średnie - Dzika, kamienista zatoczka. Wymaga dużej uważności przy schodzeniu po skałach. Brak jakiejkolwiek infrastruktury i cienia. Wskazówki: Zabierz własny namiot/parasol przeciwsłoneczny, zapas wody i jedzenia, buty do wody.","Średni - Dzieci: Dojazd (55 min) jest umiarkowany. Dzika, pusta zatoczka to świetna, cicha przestrzeń, ale strome zejście po skałach i kompletny brak infrastruktury wymagają czujności. Rodzice: Brak kosztów (0 EUR), ale konieczność wcześniejszego spakowania pełnego prowiantu i ciągłego pilnowania dzieci na skałach generują średni poziom napięcia.","Zadbajcie o maksymalną uważność na śliskich skałach przy schodzeniu do wody. Rzucanie kamykami do morza w cichej, ustronnej zatoczce to świetne, powtarzalne ćwiczenie regulujące sensorycznie. Zabierzcie własny mały namiot plażowy i pełen prowiant.","Pełne słońce / Cień. Sama dzika plaża w zatoce i dojście są nasłonecznione, ale mała jaskinia morska daje schronienie i całkowity cień.","Ancient Aptera (Miejsce 7), mill.o.petres (Miejsce 28) - położone blisko siebie na półwyspie Apokoronas.","1. Wypatruj ukrytych wejść do jaskiń morskich tuż przy brzegu. 2. Znajdź najbardziej kolorowy kamyczek na dzikiej plaży. 3. Posłuchaj, jak fali uderzają o skały wewnątrz jaskini (porównaj to z dźwiękiem muszli przy uchu)."
24,Acropolis of Polirrinia,Acropolis of Polirrinia,"Starożytny akropol położony na malowniczym wzgórzu nad wioską Polirrinia, oferujący rzymskie grobowce wykute w skałach i spektakularną panoramę na zatokę Kissamos.","35.4542, 23.6492",others,1 godz. 10 min,brak ograniczeń,późne popołudnie (piękne widoki),1.5 - 2 godziny,0 EUR (wstęp wolny),Brak.,"Brak na samym akropolu, ale u stóp wzgórza, w klimatycznej wiosce Polirrinia działa tradycyjna kawiarnia i mała tawerna z lokalnymi przekąskami.","Średnio (Warto coś spakować) - Weź owoce, musy i małe kanapki do auta. Na miejscu nie ma pełnej restauracji, więc dzieci mogą zgłodnieć podczas zwiedzania przed właściwym obiadem.","Średnie - Spokojne ruiny na wzgórzu, brak tłumów. Wymaga krótkiego podejścia pod górę, ale na szczycie jest bezpieczna przestrzeń do biegania.","Średni - Dzieci: Dojazd (1h 10 min) jest umiarkowany. Ruiny na wzgórzu są puste i ciche (mało bodźców), ale strome podejście w słońcu może zmęczyć. Rodzice: Brak kosztów (0 EUR) i brak tłumów sprzyjają relaksowi, choć brak barierek ochronnych na szczycie wymaga stałej uwagi rodziców.",Niski poziom tłumów redukuje stres społeczny. Pozwólcie dzieciom na swobodne wchodzenie na wzgórze w ich własnym tempie. Zaplanujcie piknik sensoryczny na szczycie w cieniu starożytnych murów obronnych z pięknym widokiem na zatokę.,"Pełne słońce. Ruiny akropolu znajdują się na odsłoniętym wzgórzu z pięknym widokiem, bez żadnej ochrony przed słońcem.","Kisamos (Miejsce 17), Kastelli archaeological site (Miejsce 10) - akropol leży zaledwie 10 minut na południe od Kissamos.",1. Wspinaj się na wzgórze jak starożytny strażnik i wypatruj mitycznych wrogów na horyzoncie. 2. Znajdź rzymskie grobowce wykute bezpośrednio w skale. 3. Dotrzyj do samego szczytu z flagą i zrób tam zwycięski okrzyk.
25,Eleutherna Archaeological M...,Eleutherna Archaeological Museum,"Nowoczesne muzeum archeologiczne, będące pierwszym muzeum na stanowisku badawczym na Krecie, prezentujące sekrety antycznego miasta i jego powiązania z eposami Homera.","35.3235, 24.6789",others,1 godz. 30 min,10:00 - 18:00 (wtorki zamknięte),popołudnie (klimatyzowane sale chronią przed słońcem),1 - 2 godziny,"20 EUR (dorośli: 2x10 EUR, dzieci bezpłatnie)",Brak.,"Brak restauracji w samym nowoczesnym budynku muzeum, ale w sąsiednich wioskach (np. Margarites czy Eleftherna) znajduje się wiele tradycyjnych tawern.","Średnio (Warto coś spakować) - Weź owoce, musy i małe kanapki do auta. Na miejscu nie ma pełnej restauracji, więc dzieci mogą zgłodnieć podczas zwiedzania przed właściwym obiadem.","Trudne - Kolejne tradycyjne muzeum wymagające spokoju i ciszy, oddalone od głównych tras. Wskazówki: Zaplanuj bardzo krótką wizytę (do 30 min), skup się tylko na najciekawszych eksponatach (np. biżuterii, dawnej broni).","Wysoki - Dzieci: Dojazd (1.5 h) buduje napięcie. Tradycyjna, zamknięta i cicha przestrzeń muzealna z zakazem dotykania obiektów szybko frustruje ruchliwe dzieci. Rodzice: Zmęczenie trasą i presja kosztów (20 EUR) w połączeniu ze społecznym naciskiem na zachowanie ciszy w muzeum drastycznie podnoszą poziom stresu.","Ograniczcie wizytę w nowoczesnym, cichym muzeum do 20-30 minut. Użyjcie słuchawek wygłuszających, aby wyeliminować irytujący pogłos (echo). Po wizycie pojedźcie do pobliskiej wioski Margarites, gdzie dzieci mogą biegać i obserwować gliniane warsztaty garncarskie.","Cień (Wewnątrz). Nowoczesny, klimatyzowany budynek muzeum zapewnia doskonałą ochronę przed słońcem.",Maravel Garden (Miejsce 29) lub Dourakis Winery (Miejsce 38) - świetne połączenie archeologii z przyrodą w ogrodzie botanicznym Spili lub relaksem w winnicy.,1. Odszukaj tarczę wojownika z brązu i dotknij jej nowoczesnej kopii stworzonej specjalnie do poznawania dotykiem. 2. Znajdź w gablotach starożytne zabawki dziecięce i porównaj je ze swoimi zabawkami. 3. Spróbuj odnaleźć złote ozdoby w kształcie miniaturowych owadów lub kwiatów.
26,Holy Trinity Tzagaróli Monas...,Holy Trinity Tzagaroli Monastery,"XVII-wieczny wenecko-byzantyjski monastyr na półwyspie Akrotiri, słynący z zachwycającej architektury, spokojnych dziedzińców ogrodowych oraz produkcji ekologicznego wina i oliwy.","35.4656, 24.1248",others,15 min,od wschodu do zachodu słońca,późne popołudnie,1 - 1.5 godziny,"4 EUR (dorośli: 2x2 EUR, dzieci bezpłatnie)",Brak.,"Brak restauracji na terenie klasztoru. Mnisi prowadzą sklep z własnymi ekologicznymi wyrobami (wino, oliwa, miód, ocet), a najbliższe tawerny są w drodze na Akrotiri.","Mało (Lokalny lunch) - Weź kilka drobnych przekąsek na drogę w aucie i wodę. Główny, pyszny posiłek zjecie na miejscu w tawernie.","Średnie - Klasztor wymaga wyciszenia, odpowiedniego ubioru i spokojnego zachowania. Jednak piękne ogrody i dziedzińce działają bardzo kojąco sensorycznie. Wskazówki: Przed wejściem wyjaśnij dzieciom zasadę 'mówimy szeptem', zachęć do wąchania kwiatów w ogrodzie.","Średni - Dzieci: Bardzo blisko bazy (15 min). Piękne ogrody z kotami działają kojąco, ale wymóg ciszy i odpowiedniego ubioru w klasztorze ogranicza spontaniczność dziecka z ADHD. Rodzice: Niski koszt (4 EUR), minimalna jazda i bardzo ułatwiona, szybka ewakuacja dają rodzicom duże poczucie kontroli.","Przejażdżka urokliwym klasztorem wymaga wyciszenia, ale tutejsze ogrody i dziedziniec z kotami działają kojąco na dzieci AuDHD. Krótki dojazd (15 min) ułatwia powrót. W razie trudności z zachowaniem ciszy w świątyni, spędźcie czas na zewnątrz na pięknym, zacienionym dziedzińcu.","Półcień / Cień. Przepiękny, zadbany dziedziniec klasztorny oferuje zacienione arkady, a wnętrze zabytkowej cerkwi daje przyjemny chłód i cień.","Plaża w Stavros (Miejsce 45), Plaża Tersanas (Miejsce 46), Plaża Kalathas (Miejsce 43) - monastyr leży w sercu półwyspu Akrotiri, zaledwie kilka minut od Waszych najbliższych plaż.",1. Przejdź przez zielony labirynt cyprysów i oliwek w przyklasztornym ogrodzie. 2. Policz wszystkie koty leniwie wygrzewające się na klasztornym dziedzińcu. 3. Znajdź starożytne dzwony zawieszone wysoko na wieży.
27,The Little Fun Train - Agioi A...,The Little Fun Train - Agioi Apostoloi,"Zadaszona kolejka turystyczna oferująca atrakcyjne i bezstresowe przejażdżki po nadmorskich kurortach (Agia Marina, Platanias) i malowniczych, zielonych wioskach w rejonie Chanii.","35.5105, 23.9825",activity,30 min,według rozkładu (zazwyczaj 9:00 - 18:00 w sezonie),przedpołudnie,1 - 1.5 godziny (czas przejażdżki),"ok. 50-64 EUR (dorośli ok. 15-20 EUR, dzieci ok. 10-12 EUR za przejażdżkę)","Zalecany zakup biletów online z wyprzedzeniem w sezonie letnim, aby zagwarantować sobie miejsce.","Tak, trasa kolejki przebiega przez Agia Marina, Platanias i Agioi Apostoloi, gdzie znajduje się ogromny wybór wszelkiego rodzaju restauracji i tawern.",Bardzo mało / Nic (Bezstresowo) - Weź tylko butelkę wody dla dzieci na sam spacer. Wszystko kupicie na miejscu w rozsądnych cenach.,"Średnie - Jazda pociągiem turystycznym jest bardzo atrakcyjna i sensorycznie ciekawa (ruch, wiatr, widoki), jednak wymaga dłuższego siedzenia w jednym miejscu (ok. 1-2h) i czekania na odjazd. Wskazówki: Zabierz drobne zabawki sensoryczne (fidgety) do rąk na czas jazdy, uprzedź dziecko o trasie i czasie jej trwania.","Średni - Dzieci: Przejażdżka pociągiem jest bardzo atrakcyjna sensorycznie, ale konieczność dłuższego siedzenia w jednym miejscu (ok. 1.5 h) może wywołać niepokój ruchowy u dziecka z ADHD. Rodzice: Dość wysoki koszt (ok. 50-64 EUR) stwarza presję, by dzieci 'dobrze się bawiły' i nie marudziły podczas jazdy.","Jazda pociągiem jest bardzo atrakcyjna i dostarcza dzieciom świetnych bodźców przedsionkowych (ruch, pęd powietrza). Przygotujcie małe zabawki sensoryczne (fidgety) do rąk na czas jazdy. Uprzedźcie dzieci o czasie trwania trasy i trzymajcie pod ręką wodę.","Półcień. Wagoniki kolejki turystycznej posiadają zadaszenie chroniące przed słońcem, jednak boki są otwarte.","Mniejsza z plaż Agioi Apostoloi (Miejsce 47), Plaża miejska Nea Chora (Miejsce 44) - stacja kolejki znajduje się tuż przy plaży Agioi Apostoloi; to gotowy, bezstresowy zestaw zabawowy dla dzieci.","1. Pomachaj wszystkim przechodniom, których miniecie podczas jazdy pociągiem (policz, ile osób Ci odmacha!). 2. Słuchaj uważnie dzwonka pociągu i klaśnij w dłonie za każdym razem, gdy zadzwoni. 3. Wypatruj przez okno drzew oliwnych i pomarańczowych – kto pierwszy zobaczy owoc?"
28,Akti Tompazi 16,Akti Tompazi 16,"Punkt startowy rejsów łodzią półpodwodną Sea Adventures w weneckim porcie w Chanii, pozwalający obserwować dno morza, ryby i żółwie Caretta caretta przez duże szklane okna.","35.5178, 24.0195",activity,25 min,9:00 - 22:00,popołudnie (rezerwacja rejsów),15 - 30 min,"ok. 66-90 EUR (rejs semi-submarine: dorośli ok. 22-30 EUR, dzieci ok. 11-15 EUR)",Rekomendowana wcześniejsza rezerwacja rejsu (łódź półpodwodna zabiera maksymalnie 12 osób).,"Adres w porcie w Chanii – otoczony niezliczonymi restauracjami, kawiarniami portowymi i barami.",Bardzo mało / Nic (Bezstresowo) - Weź tylko butelkę wody dla dzieci na sam spacer. Wszystko kupicie na miejscu w rozsądnych cenach.,"Średnie - Rejs łodzią półpodwodną. Ciekawe doświadczenie patrzenia przez szyby pod wodą, ale kabina jest mała, zamknięta i klimatyzowana (może wywołać lekki niepokój u dzieci z AuDHD). Wskazówki: Przygotuj dziecko wcześniej pokazując zdjęcia łodzi, w razie niepokoju wyjdźcie na pokład górny na świeże powietrze.","Średni do Wysoki - Dzieci: Krótki dojazd (25 min). Rejs półpodwodną łodzią jest fascynujący, ale ciasna, duszna kabina pod wodą i hałas silnika mogą wywołać meltdown klaustrofobiczny u dziecka AuDHD. Rodzice: Bardzo wysoki koszt (ok. 66-90 EUR) buduje ogromną presję finansową na udaną wycieczkę.","Ciekawe doświadczenie patrzenia pod wodę, ale mała, przeszklona kabina może wywołać niepokój klaustrofobiczny u dziecka AuDHD. Pokażcie dzieciom zdjęcia łodzi przed rejsu. W razie narastającego lęku lub hałasu silnika natychmiast wyjdźcie na otwarty pokład górny na świeże powietrze.","Półcień. Pokład górny łodzi jest nasłoneczniony, natomiast dolna, przeszklona kabina pod poziomem wody jest całkowicie zacieniona i klimatyzowana.","Muzeum Archeologiczne w ... (Miejsce 4), Ledergasse Chania (Miejsce 33), Plaża miejska Nea Chora (Miejsce 44) - rejs łodzią podwodną startuje w porcie w Chanii, skąd pieszo dotrzecie do muzeów i sklepów.","1. Zejdź pod pokład i spójrz przez wielkie okna – wypatruj ogromnych żółwi morskich Caretta caretta. 2. Policz, ile rybek płynie tuż za oknem naszej łodzi podwodnej. 3. Spójrz na Chanię z pokładu i znajdź słynną wenecką latarnię morską."
29,mill.o.petres,mill.o.petres,"Zabytkowa, rzemieślnicza oliwiarnia w wiosce Kalyves, oferująca edukacyjne zwiedzanie tradycyjnego młyna oliwnego z 1962 r. oraz kreatywne warsztaty produkcji naturalnego mydła.","35.4741, 24.1132",activity,40 min,10:00 - 18:00,popołudnie (warsztaty mydlarskie i zwiedzanie),1.5 - 2 godziny,"0 EUR (wstęp wolny, warsztaty kulinarne/oliwne płatne)",Wymagana wcześniejsza rezerwacja w przypadku chęci udziału w warsztatach wyrobu mydła lub warsztatach kulinarnych.,"Oliwiarnia nie prowadzi restauracji, ale oferuje degustację wybitnej oliwy i lokalnych produktów. Pełne zaplecze restauracyjne znajduje się w Kalyves.","Mało (Lokalny lunch) - Weź kilka drobnych przekąsek na drogę w aucie i wodę. Główny, pyszny posiłek zjecie na miejscu w tawernie.","Średnie - Warsztaty wymagają skupienia i precyzji, co może frustrować młodsze dzieci z ADHD. Jednak praca z zapachami i masami kosmetycznymi to świetne doświadczenie sensoryczne. Wskazówki: Pomagaj młodszemu dziecku przy trudniejszych etapach, nie naciskaj na idealne wykonanie.","Średni - Dzieci: Dojazd (40 min) jest łatwy. Sensoryka warsztatów mydlarskich (zapachy, konsystencja) jest bardzo ciekawa, ale wymaga precyzji i cierpliwości, co może frustrować młodsze dzieci z ADHD. Rodzice: Brak opłaty za wstęp (0 EUR), kameralna atmosfera bez tłumów i przyjaźni gospodarze dają duże poczucie komfortu psychicznego.","Tradycyjne warsztaty rzemieślnicze mogą wymagać dłuższego skupienia i precyzji. Pozwólcie dzieciom badać tekstury i zapachy bazy mydlanej, olejków i ziół we własnym tempie, unikając sztywnych poleceń i pośpiechu.","Cień (Wewnątrz) / Półcień. Warsztaty odbywają się w zabytkowym, chłodnym budynku lub na zacienionym, tradycyjnym patio.","Ancient Aptera (Miejsce 7), Stemfilo Winery Paterakis (Miejsce 41) - warsztaty mydlarskie idealnie współgrają ze zwiedzaniem pobliskiej Aptery.","1. Powąchaj różne olejki eteryczne (np. lawendowy, rozmarynowy) i wybierz swój ulubiony zapach. 2. Dotknij bazy do produkcji mydła – opisz rodzicom, czy jest gładka, twarda czy śliska. 3. Stwórz swoje własne, unikalne mydełko z płatkami kwiatów."
30,Maravel Garden,Maravel Garden,"Prywatny ogród sensoryczny z ziołami i labiryntem roślin w pobliżu Spili, doskonałe miejsce na integrację sensoryczną dzieci poprzez wąchanie i dotykanie ziół.","35.2541, 24.5615",shop,1 godz. 30 min,9:00 - 18:00,rano lub popołudnie (jako przystanek w drodze na południe),1 - 1.5 godziny,"0 EUR (wstęp wolny, zakupy płatne)",Brak (wcześniejsze zgłoszenie konieczne tylko w przypadku chęci wzięcia udziału w zorganizowanych warsztatach).,"Brak restauracji na miejscu, ale ogród leży blisko malowniczej wioski Spili, gdzie znajduje się urokliwy kafenion Raftis oraz inne restauracje.","Średnio (Warto coś spakować) - Weź owoce, musy i małe kanapki do auta. Na miejscu nie ma pełnej restauracji, więc dzieci mogą zgłodnieć podczas zwiedzania przed właściwym obiadem.",Łatwe - Ogród z ziołami i labiryntem roślin. Zapachy i tekstury roślin działają kojąco i regulująco (świetna integracja sensoryczna).,"Niski - Dzieci: Dojazd (1.5 h) jest długi, ale sensoryczny labirynt ziół, zapachów i tekstur działa niezwykle regulująco i uspokajająco na dzieci AuDHD. Rodzice: Bezpłatny wstęp (0 EUR) i głęboki spokój naturalnego ogrodu pomagają wyciszyć przebodźcowany układ nerwowy rodziców.","Doskonałe miejsce na wyciszenie zmysłów. Zapachy ziół i dotykanie różnorodnych liści roślin działają niesamowicie regulująco na układ nerwowy. Przejście przez roślinny labirynt to świetna, angażująca i spokojna zabawa ruchowa dla dzieci.","Półcień / Cień. Ogrody ziołowe mają zacienione ścieżki i pergole, a budynek sklepu jest w pełni zacieniony.","Eleutherna Archaeological M... (Miejsce 24), Agios Antonios (Miejsce 20) - ogród botaniczny w Spili idealnie łączy się z innymi atrakcjami wschodniego rejonu.","1. Przejdź się po ogrodzie ziołowym i znajdź roślinę, która pachnie jak pizza (oregano!). 2. Policz kolory kwiatów rosnących w ogrodzie – spróbuj znaleźć chociaż jeden fioletowy i jeden żółty. 3. Powąchaj naturalne mydełka w sklepie i spróbuj zgadnąć, z jakich roślin powstały."
31,Lappa Avocado,Lappa Avocado,"Uroczy sklepik rzemieślniczy w Argyroupoli, specjalizujący się w produkcji i sprzedaży naturalnych, ekologicznych kosmetyków na bazie lokalnie uprawianego awokado.","35.2866, 24.3338",shop,1 godz. 10 min,9:00 - 20:00 (w sezonie),przy okazji wizyty w Argyroupoli,30 min,"0 EUR (wstęp wolny, zakupy płatne)",Brak.,"Brak restauracji w samym sklepie rzemieślniczym, ale mieści się on w Argyroupoli, słynącym z tawern przy wodospadach i źródłach.","Mało (Lokalny lunch) - Weź kilka drobnych przekąsek na drogę w aucie i wodę. Główny, pyszny posiłek zjecie na miejscu w tawernie.","Łatwe - Sklepik i strefa testowania kosmetyków z awokado. Szybka wizyta, miła, naturalna atmosfera.",Niski - Dzieci: Szybka i przyjemna wizyta sensoryczna (testowanie miękkich kremów z awokado) nie wymaga cierpliwości od dzieci z ADHD. Rodzice: Brak kosztów (0 EUR) i położenie w uroczej wiosce Argyroupoli dają elastyczność i pełen luz logistyczny.,"Szybka, bezstresowa wizyta w pachnącym awokado sklepiku. Pozwólcie dzieciom przetestować na dłoni naturalne kremy i poczuć ich konsystencję (świetna zabawa sensoryczno-dotykowa) lub napijcie się świeżej wody w cieniu.","Cień (Wewnątrz). Sklep i warsztat rzemieślniczy mieszczą się w chłodnych, zacienionych wnętrzach budynku.","Argyroupoli Waterfalls (Miejsce 6), Ancient Lappa (Miejsce 8) - sklep mieści się w tej samej miejscowości Argyroupoli, tuż obok wodospadów.","1. Dotknij liścia drzewa awokado i sprawdź, czy jest miękki czy szorstki. 2. Wypróbuj naturalny krem z awokado na swojej dłoni – sprawdź, czy Twoja skóra stała się supermiękka. 3. Policz, ile różnych kosmetyków w sklepie ma na opakowaniu rysunek zielonego awokado."
32,Ilys Ceramics,Ilys Ceramics,"Kameralny, tradycyjny warsztat i galeria ceramiki artystycznej w wiosce Margarites, gdzie można podziwiać rzemieślników przy pracy na kole garncarskim.","35.4988, 23.9055",shop,1 godz. 20 min,9:00 - 20:00,poranek (zwiedzanie Margarites bez tłumów),30 - 45 min,"0 EUR (wstęp wolny, zakupy płatne)",Brak.,"Brak restauracji w samej pracowni ceramicznej, ale warsztat leży w sercu wioski garncarskiej Margarites, gdzie działa m.in. świetna tradycyjna tawerna Mantalos.","Mało (Lokalny lunch) - Weź kilka drobnych przekąsek na drogę w aucie i wodę. Główny, pyszny posiłek zjecie na miejscu w tawernie.",Łatwe - Pracownia ceramiczna – oglądanie procesu tworzenia naczyń jest hipnotyzujące i bardzo ciekawe wizualnie (efekt 'stymowania' wzrokowego dla AuDHD).,Niski - Dzieci: Hipnotyzujący pokaz toczenia gliny na kole garncarskim przykuwa uwagę na długo i wycisza zmysły dzieci AuDHD. Rodzice: Brak opłat za wstęp (0 EUR) i przyjazny dla dzieci warsztat w spokojnej wiosce Margarites dają pełną swobodę bez pośpiechu.,"Oglądanie procesu toczenia gliny na kole garncarskim działa hipnotyzująco i niezwykle uspokajająco na dzieci AuDHD. Kupcie dziecku małą, tanią glinianą figurkę (gwizdek lub dzwoneczek) – to świetna zabawka sensoryczna na resztę dnia.",Cień (Wewnątrz). Warsztat ceramiczny i galeria znajdują się wewnątrz klimatyzowanego/zacienionego budynku.,Anoskeli Winery (Miejsce 39) lub Kisamos (Miejsce 17) - warsztat ceramiczny leży na trasie na zachód wyspy.,"1. Zobacz, jak garncarz toczy glinę na kole i spróbuj opisać, jak glina zmienia swój kształt. 2. Dotknij wilgotnej gliny i spróbuj ulepić z niej małą kuleczkę. 3. Znajdź w sklepie naczynie z motywem ośmiornicy lub rybki i policz jego ramiona/płetwy."
33,Archontakis Coffee Shop,Archontakis Coffee Shop,"Historyczny sklep i klimatyczna kawiarnia w centrum Chanii, kusząca intensywnym aromatem świeżo palonej kawy i dużymi workami pełnymi ziaren z całego świata.","35.5152, 24.0223",shop,25 min,8:00 - 21:00,rano lub popołudnie,30 - 60 min,"0 EUR (wstęp wolny, konsumpcja płatna)",Brak.,"To klimatyczna kawiarnia serwująca kawę, napoje i drobne słodkości, zlokalizowana w centrum Chanii, otoczona setkami lokali gastronomicznych.",Bardzo mało / Nic (Bezstresowo) - Weź tylko butelkę wody dla dzieci na sam spacer. Wszystko kupicie na miejscu w rozsądnych cenach.,"Łatwe - Tradycyjna, przyjazna kawiarnia. Szybka wizyta na kawę/sok, swobodna atmosfera.","Niski - Dojazd (25 min). Dzieci: Szybka wizyta w kawiarni, słodki sok i swobodna atmosfera nie obciążają uwagi ruchliwego dziecka. Rodzice: Możliwość wypicia kawy w urokliwym miejscu bez presji finansowej i z łatwym wyjściem w razie dysregulacji dzieci.","Tradycyjna, rodzinna kawiarnia. Swobodna atmosfera sprawia, że marudzenie dzieci nie budzi stresu. Zamówcie chłodny, naturalny sok pomarańczowy, odpocznijcie przy stoliku w cieniu i zaplanujcie kolejny, spokojny krok.",Cień (Wewnątrz) / Półcień. Stoliki wewnątrz kawiarni lub na zacienionym markizami tarasie.,"Muzeum Archeologiczne w ... (Miejsce 4), Akti Tompazi 16 (Miejsce 27), Plaża miejska Nea Chora (Miejsce 44) - kawiarnia i zakupy w Chanii świetnie łączą się ze zwiedzaniem starego miasta.","1. Powąchaj ziarna świeżo palonej kawy i opisz, czy ten zapach jest intensywny. 2. Policz, ile dużych worków z kawą stoi na podłodze sklepu. 3. Wybierz pyszne, słodkie ciastko i spróbuj zjeść je bez używania rąk (śmieszne wyzwanie!)."
34,Ledergasse Chania,Ledergasse Chania,"Słynna, wąska uliczka handlowa („Skórzana”) w Chanii, wypełniona rzemieślniczymi wyrobami ze skóry, od tradycyjnych sandałów po torby, tętniąca lokalnym życiem.","35.5158, 24.0185",shop,25 min,9:00 - 21:00 (w sezonie),przedpołudnie lub wieczór,30 - 60 min,"0 EUR (wstęp wolny, zakupy płatne)",Brak.,"Słynna ulica handlowa (Skórzana) w Chanii, otoczona niezliczonymi tawernami i restauracjami Starego Miasta (np. Tamam, Chrisostomos).",Bardzo mało / Nic (Bezstresowo) - Weź tylko butelkę wody dla dzieci na sam spacer. Wszystko kupicie na miejscu w rozsądnych cenach.,"Średnie - Zatłoczona ulica handlowa w Chanii. Duża liczba ludzi, hałas i bodźce wzrokowe mogą szybko zmęczyć dziecko AuDHD. Wskazówki: Zaplanuj spacer w godzinach porannych, rób przerwy w bocznych, spokojnych alejkach, użyj słuchawek wygłuszających.","Wysoki - Dzieci: Krótki dojazd (25 min), ale wąska, zatłoczona ulica handlowa z ogromną ilością zapachów skór, hałasem rozmów i bodźców wzrokowych to przepis na szybkie przebodźcowanie dziecka AuDHD. Rodzice: Stres związany z ciągłym pilnowaniem dzieci w tłumie, by nie zgubiły się ani niczego nie uszkodziły w sklepach.","Wąska i hałaśliwa ulica handlowa może wywołać nagły kryzys sensoryczny z powodu tłumu i zapachów. Zaplanujcie spacer wyłącznie w godzinach porannych, róbcie częste przerwy w bocznych, cichych alejkach i załóżcie dziecku AuDHD słuchawki wygłuszające.","Półcień / Pełne słońce. Wąskie, klimatyczne uliczki starej Chanii rzucają dużo cienia, jednak w południe słońce dociera do dna ulicy.","Muzeum Archeologiczne w ... (Miejsce 4), Akti Tompazi 16 (Miejsce 27), Plaża miejska Nea Chora (Miejsce 44) - zakupy w Chanii najlepiej połączyć ze spacerem po starym porcie i wizytą w klimatyzowanym muzeum.","1. Dotknij różnych wyrobów ze skóry (np. sandałów, torebek) i poczuj ich unikalny, intensywny zapach. 2. Policz, ile sklepów z butami mijacie na tej wąskiej uliczce. 3. Znajdź skórzany breloczek w kształcie zwierzątka i nazwij to zwierzę."
35,Apopsi,Apopsi,"Uroczy, lokalny sklepik z pamiątkami i rzemiosłem artystycznym w historycznym centrum Chanii, oferujący unikalne wyroby kreteńskie zamiast masowej produkcji.","35.5162, 24.0189",shop,25 min,9:00 - 22:00 (w sezonie),popołudniowy lub wieczorny spacer po Chanii,15 - 30 min,"0 EUR (wstęp wolny, zakupy płatne)",Brak.,Sklep z pamiątkami w Chanii – wokół pełna infrastruktura gastronomiczna i restauracje Starego Miasta.,Bardzo mało / Nic (Bezstresowo) - Weź tylko butelkę wody dla dzieci na sam spacer. Wszystko kupicie na miejscu w rozsądnych cenach.,"Łatwe - Mały, spokojny sklepik rzemieślniczy. Krótka wizyta.","Niski - Krótki dojazd (25 min). Szybka, bezstresowa wizyta w małym sklepie rzemieślniczym nie obciąża dzieci, a rodzicom pozwala na spokojne zakupy bez presji czasu i kosztów.","Spokojny, mały sklepik rzemieślniczy. Krótki czas pobytu eliminuje ryzyko znudzenia. Niech dzieci wybiorą jedną małą pamiątkę, co skupi ich uwagę i da poczucie sprawczości.",Cień (Wewnątrz). Sklep z pamiątkami w klimatyzowanym wnętrzu.,"Muzeum Archeologiczne w ... (Miejsce 4), Akti Tompazi 16 (Miejsce 27), Plaża miejska Nea Chora (Miejsce 44) - zakupy w Chanii najlepiej połączyć ze spacerem po starym porcie.","1. Odszukaj najdziwniejszą rzeźbę lub obraz w sklepie z pamiątkami. 2. Znajdź magnes na lodówkę z rysunkiem osiołka lub Minotaura. 3. Policz, ile kolorów ma najbarwniejsza ceramika na wystawie."
36,Memorabilia,Memorabilia,"Tradycyjny sklepik z pamiątkami w urokliwych zaułkach Chanii, oferujący rzemieślnicze drobiazgi, ceramikę, magnesy i pocztówki inspirowane Kretą.","35.5161, 24.0192",shop,25 min,9:00 - 22:00 (w sezonie),popołudniowy lub wieczorny spacer po Chanii,15 - 30 min,"0 EUR (wstęp wolny, zakupy płatne)",Brak.,"Sklep z pamiątkami w Chanii – w bliskim sąsiedztwie kawiarni, barów oraz restauracji Starego Portu.",Bardzo mało / Nic (Bezstresowo) - Weź tylko butelkę wody dla dzieci na sam spacer. Wszystko kupicie na miejscu w rozsądnych cenach.,"Łatwe - Mały sklepik z pamiątkami, szybkie zakupy.",Niski - Krótka wizyta w małym sklepie z pamiątkami blisko portu. Brak kolejek i łatwość ewakuacji na otwartą przestręń nabrzeża dają rodzicom pełne bezpieczeństwo psychiczne.,"Szybka wizyta po pamiątki. Pozwólcie dzieciom delikatnie pooglądać drewniane lub tekstylne wyroby, co da im bezpieczny bodziec dotykowy. W razie zmęczenia wyjdźcie na otwarty plac przed sklepem.",Cień (Wewnątrz). Sklepik z pamiątkami w zacienionym wnętrzu kamienicy.,"Muzeum Archeologiczne w ... (Miejsce 4), Akti Tompazi 16 (Miejsce 27), Plaża miejska Nea Chora (Miejsce 44) - pamiątki z Chanii kupisz przy okazji spaceru po starym mieście.","1. Znajdź pamiątkę, która najbardziej kojarzy Ci się z morzem (np. z muszelkami lub statkiem). 2. Policz małe figurki starożytnych greckich bogów stojące na półkach. 3. Wybierz pocztówkę z najpiękniejszym widokiem i wyobraź sobie, do kogo z rodziny ją wyślesz."
37,Chalidon 28,Chalidon 28,"Lokalny punkt handlowy przy jednej z głównych ulic Starego Miasta w Chanii, oferujący kreteńskie pamiątki, tradycyjne instrumenty muzyczne i tradycyjne wyroby.","35.5165, 24.0182",shop,25 min,9:00 - 22:00 (w sezonie),popołudniowy lub wieczorny spacer po Chanii,15 - 30 min,"0 EUR (wstęp wolny, zakupy płatne)",Brak.,"Adres handlowy w centrum Chanii, otoczony restauracjami, kawiarniami i punktami szybkiej gastronomii (street food).",Bardzo mało / Nic (Bezstresowo) - Weź tylko butelkę wody dla dzieci na sam spacer. Wszystko kupicie na miejscu w rozsądnych cenach.,"Łatwe - Kolejny lokalny sklepik, brak wymagań długiego czekania.","Niski - Położenie w centrum Chanii. Krótka i dynamiczna wizyta w sklepie nie wymaga cierpliwości od dzieci, a wokół jest pełno lodziarni i kawiarni na szybką nagrodę.","Krótkie zakupy w centrum Chanii. Trzymajcie pod ręką wodę i chłodną przekąskę. W razie nagłego kryzysu zrezygnujcie ze sklepów i przejdźcie do Starego Portu, gdzie otwarta przestrzeń i widok na morze ułatwiają regulację.",Cień (Wewnątrz). Przestrzeń sklepowa wewnątrz budynku.,"Muzeum Archeologiczne w ... (Miejsce 4), Akti Tompazi 16 (Miejsce 27), Plaża miejska Nea Chora (Miejsce 44) - zakupy na głównej ulicy handlowej Chanii.","1. Znajdź na wystawie sklepu tradycyjne, greckie instrumenty muzyczne (np. buzuki). 2. Policz, ile kroków dzieli wejście do tego sklepu od głównej ulicy. 3. Odszukaj wiszące niebieskie oko (talizman 'oko proroka') i dowiedz się, przed czym ma chronić."
38,Flakatoras Ceramics,Flakatoras Ceramics,"Autorska galeria i pracownia ceramiki w Chanii, prezentująca kolorowe, ręcznie malowane naczynia i rzeźby użytkowe inspirowane kreteńską florą i fauną.","35.5160, 24.0175",shop,25 min,9:00 - 22:00 (w sezonie),popołudniowy lub wieczorny spacer po Chanii,15 - 30 min,"0 EUR (wstęp wolny, zakupy płatne)",Brak.,Sklep z ceramiką w Chanii – wokół pełna infrastruktura gastronomiczna Starego Miasta i okolic portu.,Bardzo mało / Nic (Bezstresowo) - Weź tylko butelkę wody dla dzieci na sam spacer. Wszystko kupicie na miejscu w rozsądnych cenach.,"Łatwe - Sklep z ceramiką artystyczną, ciekawe kolory i faktury naczyń.","Niski - Przyjazny sklep z ceramiką artystyczną w Chanii. Ciekawe dla dzieci kolory i tekstury naczyń, krótki czas pobytu i łatwa ewakuacja eliminują ryzyko meltdownu.","Mały sklepik rzemieślniczy. Oglądanie kolorowych, unikalnych wyrobów z ceramiki to miły bodziec wzrokowy. Krótki czas pobytu bez kolejek chroni przed dysregulacją.",Cień (Wewnątrz). Warsztat i galeria ceramiki w chłodnym budynku.,"Muzeum Archeologiczne w ... (Miejsce 4), Akti Tompazi 16 (Miejsce 27), Plaża miejska Nea Chora (Miejsce 44) - pracownia ceramiki w centrum Chanii.",1. Znajdź talerz pomalowany w tradycyjne kreteńskie wzory roślinne. 2. Policz wszystkie gliniane dzwoneczki wiszące na sznurkach przy wejściu. 3. Dotknij faktury nieszkliwionego naczynia i opisz różnicę między szorstkim a gładkim.
39,Dourakis Winery,Dourakis Winery,"Butikowa, rodzinna winnica w Alikampos, słynąca z darmowego oprowadzania po kamiennych piwnicach i degustacji wyśmienitych win w malowniczym, zielonym ogrodzie.","35.3218, 24.2185",shop,55 min,10:00 - 18:00,popołudnie (degustacja w ogrodzie),1.5 - 2 godziny,"0 EUR (wstęp i oprowadzanie wolne, degustacja płatna)",Rekomendowana wcześniejsza rezerwacja online na degustację wina w ogrodzie.,Winnica serwuje wyłącznie lokalne przekąski i deski serów/wędlin do degustacji w ogrodzie. Na pełny obiad autorka rekomenduje pobliski Maza Cafenion.,"Mało (Lokalny lunch) - Weź kilka drobnych przekąsek na drogę w aucie i wodę. Główny, pyszny posiłek zjecie na miejscu w tawernie.","Średnie - Oprowadzanie po piwnicach i degustacja. Czas siedzenia przy stole podczas degustacji dorosłych może być trudny dla dzieci. Wskazówki: Wybierz stolik w ogrodzie, przynieś zabawki sensoryczne, pozwól dzieciom biegać po trawniku między stolikami.","Średni - Dzieci: Dojazd (55 min) jest łatwy. Piękny, butikowy ogród pozwala dzieciom na swobodny ruch, choć czas degustacji dorosłych przy stoliku wymaga przygotowania zabawek/kolorowanek. Rodzice: Bezpłatny wstęp (0 EUR) i niezwykle spokojne otoczenie pozwalają rodzicom na sensoryczne wyciszenie przy kieliszku wina.","Winnica oferuje ładny ogród i piwniczki, ale czas degustacji wymaga cierpliwości od dzieci. Umożliwcie dzieciom spacer po trawie i ogrodzie winnicy, dajcie im kolorowanki przy stoliku lub połączcie wizytę z obiadem w pobliskim, luźnym Maza Cafenion.","Półcień / Cień. Kamienny dziedziniec winnicy jest zacieniony pergolami i drzewami, a piwnice leżakowe są całkowicie chłodne i ciemne.","Lake Kournas (Miejsce 3), Ancient Aptera (Miejsce 7) - winnica leży w pobliżu drogi krajowej do Georgioupoli; idealny przystanek na trasie do jeziora Kournas.","1. Zejdź do chłodnej, kamiennej piwnicy i powąchaj zapach dębowych beczek, w których leżakuje wino. 2. Znajdź w ogrodzie winnicy ukrytą rzeźbę lub ładny, stary dzban. 3. Policz, ile różnych kolorów butelek z winem widzisz na wystawie."
40,Anoskeli Winery,Anoskeli Winery,"Rodzinna posiadłość w Kolymvari łącząca świat wina i oliwy, oferująca zwiedzanie nowoczesnego młyna oraz degustację win Ano Playa i ekologicznej oliwy Tsounati.","35.4651, 23.7712",shop,50 min,10:00 - 18:00,"popołudnie (degustacja oliwy i wina, zwiedzanie młyna)",1.5 - 2 godziny,"0 EUR (wstęp wolny, degustacje płatne)",Rekomendowana wcześniejsza rezerwacja online na degustację wina/oliwy i zwiedzanie młyna.,"Winnica oferuje degustację swoich win i oliwy extra virgin wraz z lokalnymi przekąskami kreteńskimi, nie prowadzi jednak pełnej restauracji lunchowej.","Mało (Lokalny lunch) - Weź kilka drobnych przekąsek na drogę w aucie i wodę. Główny, pyszny posiłek zjecie na miejscu w tawernie.",Średnie - Wizyta w oliwiarni/degustacja. Podobnie jak w winnicach – wymaga cierpliwości podczas opowiadań. Wskazówki: Wykorzystaj rozległe ogrody oliwne na spacer i rozładowanie energii.,"Średni - Dzieci: Dojazd (50 min). Podobnie jak w Dourakis – ogrody dają przestrzeń do oddechu, ale sama prezentacja i degustacja wymagają cierpliwości. Rodzice: Spokojna, rodzinna atmosfera oliwiarni bez tłumów pozwala na relaks bez lęku o ocenę zachowania dzieci.",Podobnie jak w innych winnicach – wizyta w oliwiarni wymaga cierpliwości rodziców przy opowieściach. Pozwólcie dzieciom badać sensorycznie chropowate pnie oliwek na zewnątrz i spróbować delikatnego chleba maczanego w łagodnej oliwie.,Cień (Wewnątrz) / Półcień. Klimatyzowana sala degustacyjna oraz zacieniony taras z widokiem na gaje oliwne.,"Kisamos (Miejsce 17), Kastelli archaeological site (Miejsce 10) - winnica leży w połowie drogi na zachód do Kissamos.","1. Zobacz wielkie prasy do wyciskania oliwek i spróbuj zgadnąć, ile oliwek potrzeba na jedną butelkę oliwy. 2. Spróbuj zjeść chrupiącą grzankę zamoczoną w świeżej oliwie z oliwek. 3. Policz, ile rzędów drzew oliwnych rośnie wokół budynku."
41,Holy Trinity Tzagaróli Monas...,Holy Trinity Tzagaroli Monastery Shop,"Klasztorny sklepik w monastyrze Agia Triada, w którym można zakupić ekologiczne produkty wytwarzane przez mnichów, w tym oliwę extra virgin, wino, ocet i miód tymiankowy.","35.4656, 24.1248",shop,15 min,od wschodu do zachodu słońca,późne popołudnie,1 - 1.5 godziny,"4 EUR (dorośli: 2x2 EUR, dzieci bezpłatnie)",Brak.,"Sklep klasztorny z produktami mnichów (wino, oliwa). Najbliższe restauracje i kawiarnie znajdują się w drodze powrotnej lub w Stavros/Kalathas.","Mało (Lokalny lunch) - Weź kilka drobnych przekąsek na drogę w aucie i wodę. Główny, pyszny posiłek zjecie na miejscu w tawernie.","Średnie - Sklep klasztorny z lokalnymi produktami. Szybka wizyta, ładne otoczenie.","Niski - Bardzo blisko bazy (15 min). Szybkie zakupy w pięknym klasztornym sklepie z produktami od mnichów nie wymagają od dzieci wysiłku, a piękne otoczenie sprzyja wyciszeniu.","Szybka, 15-minutowa wizyta handlowa. Kupcie ekologiczny miód lub oliwę i pozwólcie dzieciom nieść małe, bezpieczne pakunki, co da im poczucie ważnego zadania i rozładuje energię.","Cień (Wewnątrz). Sklep klasztorny mieści się w grubych, chłodnych murach monastyru.","Holy Trinity Tzagaróli Monas... (Miejsce 25), Plaża w Stavros (Miejsce 45), Plaża Tersanas (Miejsce 46) - sklep przyklasztorny odwiedza się razem z monastyrem oraz pobliskimi plażami na Akrotiri.","1. Odszukaj na półkach butelkę oliwy z oliwek z etykietą klasztorną i znajdź na niej rysunek klasztoru. 2. Powąchaj naturalny miód tymiankowy produkowany przez mnichów – opisz jego zapach. 3. Policz, ile dużych glinianych amfor (pitosów) stoi przy wejściu do sklepu."
42,Stemfilo Winery Paterakis,Stemfilo Winery Paterakis,"Kameralna, rodzinna winiarnia oferująca bezpretensjonalne degustacje win na tarasie widokowym z pięknym widokiem na zachodzące słońce i gaje oliwne.","35.4412, 24.1185",shop,45 min,11:00 - 19:00,późne popołudnie (piękny zachód słońca z tarasu),1.5 - 2 godziny,"0 EUR (wstęp wolny, degustacja/zakupy płatne)",Rekomendowana wcześniejsza rezerwacja online na degustację wina na tarasie widokowym.,"Winnica oferuje degustację win z deskami lokalnych serów i przekąsek na tarasie widokowym, bez pełnego menu restauracyjnego.","Mało (Lokalny lunch) - Weź kilka drobnych przekąsek na drogę w aucie i wodę. Główny, pyszny posiłek zjecie na miejscu w tawernie.","Średnie - Mała rodzinna winiarnia. Mniej formalna niż duże obiekty, co ułatwia swobodne zachowanie dzieci.","Średni - Dzieci: Dojazd (45 min) jest znośny. Kameralna, mała i nieformalna atmosfera rodzinnej winiarni ułatwia swobodne zachowanie dzieci na widokowym tarasie. Rodzice: Niski stres finansowy i bezpośredni, bardzo życzliwy kontakt z gospodarzami redukują niepokój społeczny.","Mała, rodzinna winiarnia z luźną atmosferą. Brak sztywnej etykiety sprawia, że rodzice czują mniejszy stres społeczny. Dzieci mogą bezpiecznie odpoczywać na tarasach widokowych i obserwować góry.",Cień (Wewnątrz) / Półcień. Kameralna sala degustacyjna i zacienione obejście.,"Ancient Aptera (Miejsce 7), mill.o.petres (Miejsce 28) - kameralna winiarnia w rejonie Apokoronas, świetna na popołudniowy relaks.","1. Wypatruj tradycyjnych urządzeń do destylacji (miedzianych alembików) i zapytaj, jak się nazywają. 2. Policz, ile miedzianych lub drewnianych beczek służy tu za dekorację. 3. Znajdź najmłodszy krzew winny rosnący najbliżej wejścia."
43,Manousakis Winery,Manousakis Winery,"Wyjątkowa winnica rodziny Manousakis w Vatolakkos o toskańskim klimacie, słynąca z produkcji win Nostos, doskonałej restauracji ogrodowej oraz warsztatów artystycznych.","35.4445, 23.9052",shop,45 min,10:00 - 22:00,późne popołudnie i wieczór (wine tasting z kolacją przy zachodzie słońca),2 - 3 godziny,"0 EUR (wstęp wolny, degustacja/zakupy płatne)","Bardzo rekomendowana wcześniejsza rezerwacja online, szczególnie na wine tasting połączony z kolacją w ogrodzie.","Tak, na terenie winnicy działa wyśmienita restauracja serwująca dania tradycyjnej kuchni kreteńskiej, idealnie skomponowane z produkowanymi na miejscu winami.","Mało (Lokalny lunch) - Weź kilka drobnych przekąsek na drogę w aucie i wodę. Główny, pyszny posiłek zjecie na miejscu w tawernie.","Średnie - Winnica z pięknym ogrodem restauracyjnym. Dzieci mogą spacerować pod drzewami pomarańczowymi, ale czas oczekiwania na dania wymaga organizacji czasu. Wskazówki: Weź ze sobą proste gry planszowe lub karty do stolika.","Średni - Dzieci: Dojazd (45 min) jest łatwy. Przepiękny ogród restauracyjny pod drzewami pomarańczowymi pozwala na krótki spacer, choć czas spędzony przy stole podczas kolacji i degustacji wymaga zabrania zabawek wyciszających. Rodzice: Relaksująca kolacja w cieniu drzew i wybitne wino doskonale regenerują zmęczony układ nerwowy rodziców.","Wspaniały ogród restauracyjny z dużą ilością zieleni. Dzieci mogą bezpiecznie spacerować pod drzewami pomarańczowymi w cieniu, badając opadłe liście, podczas gdy rodzice w spokojnej atmosferze degustują wina.","Półcień. Degustacja i lunch odbywają się na urokliwym patio, pod gęstym cieniem dojrzałych drzew pomarańczowych i oliwnych.","Botanical Garden of Crete (Miejsce 5), Arevitis Farm (Miejsce 9) - wytworna winiarnia w Vatolakkos, idealny przystanek w drodze powrotnej z Ogrodu Botanicznego.","1. Znajdź w pięknym ogrodzie najgrubszy pień drzewa pomarańczowego i spróbuj go zmierzyć rozpiętością swoich ramion. 2. Policz, ile szklanych kieliszków stoi na stole degustacyjnym rodziców. 3. Narysuj na kartce papieru swoją własną, wymarzoną etykietę na butelkę soku winogronowego."
44,Plaża Kalathas,Kalathas Beach,"Bezpieczna, piaszczysta plaża na półwyspie Akrotiri z łagodnym zejściem do wody i bardzo spokojnym morzem, idealna dla rodzin z małymi dziećmi.","35.5552, 24.0831",plaża,10 min,brak ograniczeń,wczesny poranek lub późne popołudnie,2 - 4 godziny,0 EUR (wstęp wolny),Brak.,"Tak, tuż przy plaży działa tradycyjna tawerna oraz kantyna serwująca lunch, przekąski i napoje.",Bardzo mało / Nic (Bezstresowo) - Weź tylko butelkę wody dla dzieci na sam spacer. Wszystko kupicie na miejscu w rozsądnych cenach.,"Łatwe - Plaża z bardzo łagodnym zejściem do wody, drobny piasek i spokojne morze. Świetne warunki do bezpiecznej zabawy bez przeciążenia sensorycznego.","Niski - Dzieci: Bardzo blisko (10 min). Niezwykle łagodne zebranie, miękki piasek i spokojne morze działają kojąco i regulująco na zmysły dzieci. Rodzice: Zerowy koszt wstępu (0 EUR) i brak jazdy samochodem dają 100% relaksu i komfortu psychicznego.","Idealne warunki na bezstresowe plażowanie. Bardzo łagodne, płytkie wejście do wody, drobny piasek i brak fal dają dzieciom poczucie bezpieczeństwa fizycznego i ułatwiają rodzicom czujną, spokojną obserwację bez lęku.","Pełne słońce. Szeroka, piaszczysta plaża całkowicie wystawiona na słońce. Dostępne są parasole i leżaki do wynajęcia.","Plaża Tersanas (Miejsce 46), Plaża w Stavros (Miejsce 45), Holy Trinity Tzagaróli Monas... (Miejsce 25) - najbliższe sąsiedztwo na półwyspie Akrotiri, doskonałe na krótkie, niewyczerpujące wyjazdy.","1. Sprawdź, czy dasz radę dopłynąć (lub przejść z rodzicami przy niskiej wodzie) do małej wysepki naprzeciwko plaży. 2. Zbuduj z mokrego piasku wielki wulkan, a potem wykop kanał, przez który woda z morza dopłynie do krateru. 3. Policz, ile małych krabów lub muszelek uda Ci się znaleźć na brzegu."
45,Plaża miejska Nea Chora,Nea Chora City Beach,"Szeroka plaża miejska w Chanii z łagodnym brzegiem, słynąca z tętniącej życiem promenady i najlepszych na wyspie tawern serwujących świeże owoce morza.","35.5143, 24.0092",plaża,25 min,brak ograniczeń,przedpołudnie (woda najczystsza) lub wieczór na zachód słońca,2 - 3 godziny,0 EUR (wstęp wolny),Brak.,"Wybitne zaplecze gastronomiczne – ulica wzdłuż plaży słynie z najlepszych tawern rybnych w Chanii (np. Kaiki, Mikrolimano, Achilleas, Woodstock).","Mało (Lokalny lunch) - Weź kilka drobnych przekąsek na drogę w aucie i wodę. Główny, pyszny posiłek zjecie na miejscu w tawernie.","Średnie - Miejska plaża blisko centrum Chanii. Bywa tłoczna i głośna, ale bliskość tawern ułatwia logistykę posiłków. Wskazówki: Wybierz godziny poranne lub późnopopołudniowe.","Średni - Dzieci: Krótki dojazd (25 min). Plaża bywa głośna i zatłoczona (hałas miejski), co może drażnić dziecko AuDHD. Rodzice: Bliskość doskonałych tawern rybnych tuż przy piasku ułatwia logistykę posiłków, ale pilnowanie dzieci w gęstszym tłumie wymaga skupienia.","Miejska plaża bywa głośniejsza, dlatego w razie przebodźcowania dźwiękami Starego Miasta, przejdźcie od razu do jednej z tawern rybnych tuż przy brzegu na pyszny obiad w głębokim cieniu.","Pełne słońce. Szeroka plaża miejska bez naturalnego cienia, tawerny przy promenadzie oferują jednak markizy i parasole.","Muzeum Archeologiczne w ... (Miejsce 4), Akti Tompazi 16 (Miejsce 27) - plaża miejska leży w Chanii, tuż obok historycznego portu i muzeów.","1. Spaceruj wzdłuż brzegu i zbieraj kolorowe szkiełka morskie wyszlifowane przez fale (tzw. sea glass). 2. Policz, ile kutrów rybackich wypływa lub cumuje w małym porcie obok plaży. 3. Zrób na piasku gigantyczny ślad swojej stopy."
46,Plaża w Stavros,Stavros Beach,"Słynna zatoka o białym piasku u stóp góry Vardies, znana z filmu „Grek Zorba” – płytka, osłonięta od fal i wiatru, przypominająca bezpieczne jezioro.","35.5908, 24.0761",plaża,0 min,brak ograniczeń,wczesny poranek lub późne popołudnie (Sunset Cafe Bar),2 - 4 godziny,0 EUR (wstęp wolny),Brak.,"Tak, przy plaży działa kilka świetnych tawern serwujących świeże ryby i owoce morza oraz klimatyczny Sunset Cafe Bar pod tamaryszkami.",Bardzo mało / Nic (Bezstresowo) - Weź tylko butelkę wody dla dzieci na sam spacer. Wszystko kupicie na miejscu w rozsądnych cenach.,"Łatwe - Słynna plaża w Stavros. Płytka, przypominająca jezioro zatoka, brak fal, czysty piasek. Idealna, bezpieczna i uspokajająca przestrzeń dla dzieci neuroatypowych.","Niski - Dzieci: Lokalna baza (0 min dojazdu). Płytka, bezfalowa, przypominająca jezioro zatoka to najbezpieczniejsze sensorycznie miejsce na Krecie do nieskrępowanej zabawy w wodzie. Rodzice: Całkowity brak zmęczenia jazdą, zero kosztów (0 EUR) i możliwość natychmiastowego powrotu do domu w razie jakichkolwiek oznak zmęczenia dają maksymalny komfort.","Kultowa plaża tuż przy Waszym domu w Stavros. Płytka, spokojna jak jezioro zatoka otoczona górą jest całkowicie bezpieczna. W razie nagłego meltdownu u dziecka lub rodzica, możecie spakować się i wrócić do domu pieszo lub autem w 2 minuty.",Pełne słońce. Plaża w zatoce otoczona skałami – brak naturalnego cienia na piasku. Warto wynająć leżak z parasolem lub schronić się w tawernie.,"Plaża Tersanas (Miejsce 46), Plaża Kalathas (Miejsce 43), Holy Trinity Tzagaróli Monas... (Miejsce 25) - Wasza domowa baza; idealna na łączenie z innymi punktami na półwyspie Akrotiri.","1. Spójrz na wielką, pionową górę wznoszącą się nad plażą i wyobraź sobie, że to śpiący olbrzym (znajdź jego nos i brodę!). 2. Ponieważ woda w tej zatoce jest super spokojna i płytka, spróbuj położyć się na wodzie na plecach i posłuchaj podwodnej ciszy. 3. Ułóż z suchych patyków swoje imię na piasku."
47,Plaża Tersanas,Tersanas Beach,"Kameralna i płytka piaszczysta zatoczka blisko Stavros z łagodnym wejściem do morza i cichą tawerną tuż przy brzegu, oaza spokoju dla rodzin.","35.5631, 24.0785",plaża,5 min,brak ograniczeń,wczesny poranek lub późne popołudnie (idealna dla rodzin),2 - 3 godziny,0 EUR (wstęp wolny),Brak.,"Tak, bezpośrednio przy tej kameralnej plaży działa urokliwa, tradycyjna tawerna z pięknym widokiem na zatokę.",Bardzo mało / Nic (Bezstresowo) - Weź tylko butelkę wody dla dzieci na sam spacer. Wszystko kupicie na miejscu w rozsądnych cenach.,"Łatwe - Kameralna, bardzo spokojna zatoka z łagodnym wejściem do wody. Mała skala miejsca sprawia, że jest bezpiecznie i cicho.","Niski - Dzieci: Zaledwie 5 minut drogi. Mała, kameralna zatoka o bardzo łagodnym wejściu do wody, pozbawiona silnego wiatru i fal, co ułatwia samoregulację dzieci. Rodzice: Szybki dojazd, zerowe koszty (0 EUR) i pełen spokój małej skali plaży gwarantują bezstresowe popołudnie.","Niezwykle kameralna, schowana w skałach zatoczka ze spokojną wodą. Mała skala miejsca sprawia, że jest ono bardzo przewidywalne i łatwe do kontrolowania dla dziecka AuDHD. Pełna swoboda ruchowa i głęboki cień w tawernie obok.","Pełne słońce. Kameralna, piaszczysta zatoczka, całkowicie nasłoneczniona. Świetna dla dzieci, ale wymaga parasola.","Plaża w Stavros (Miejsce 45), Plaża Kalathas (Miejsce 43), Holy Trinity Tzagaróli Monas... (Miejsce 25) - zaledwie 5 minut od Stavros, idealna na zmianę otoczenia w ciągu dnia.","1. Ta zatoczka jest bardzo mała i spokojna – spróbuj policzyć, ile kroków ma szerokość całej plaży od skały do skały. 2. Znajdź na brzegu bezpieczne miejsce, gdzie woda jest tak przezroczysta, że widać Twoje stopy na dnie. 3. Zrób z piasku i wody 'błotne babki'."
48,Mniejsza z plaż Agioi Apostoloi,Smaller Agioi Apostoloi Beach,"Ukryta w małej zatoczce piaszczysta plaża w Chanii, otoczona pachnącym lasem piniowym, który zapewnia zbawienny cień do odpoczynku i zabawy.","35.5141, 23.9812",plaża,30 min,brak ograniczeń,wczesny poranek lub późne popołudnie,2 - 3 godziny,0 EUR (wstęp wolny),Brak.,"Tak, przy plaży działa bardzo popularny beach bar Iguana oferujący przekąski i drinki, a w bliskim sąsiedztwie (park) znajdują się restauracje i kawiarnie.","Mało (Lokalny lunch) - Weź kilka drobnych przekąsek na drogę w aucie i wodę. Główny, pyszny posiłek zjecie na miejscu w tawernie.","Łatwe - Płytkie zatoczki, piękny park obok plaży z placem zabaw i zacienionymi alejkami do spacerowania i biegania.","Niski do Średni - Dzieci: Dojazd (30 min) is bezproblemowy. Płytka zatoczka z drobnym piaskiem i piękny, zacieniony las piniowy tuż obok dają świetne opcje zmiany otoczenia w razie przebodźcowania. Rodzice: Niski koszt (0 EUR) i pełna infrastruktura parkowa ułatwiają zarządzanie czasem, choć plaża bywa głośniejsza ze względu na popularny beach bar.","Płytka zatoczka z drobnym piaskiem i piękny, zacieniony las piniowy (sosnowy) tuż obok dają genialne, zróżnicowane sensorycznie opcje zabawy (tor przeszkód z szyszek, chłód pod drzewami), co pozwala błyskawicznie opanować kryzys.","Pełne słońce / Półcień. Plaża jest nasłoneczniona, ale bezpośrednio za nią rozciąga się park piniowy, oferujący wspaniały, naturalny i pachnący cień.",The Little Fun Train - Agioi A... (Miejsce 26) - plaża i stacja kolejki turystycznej znajdują się w tym samym parku leśnym.,"1. Wejdź do pobliskiego lasu piniowego (sosnowego), nazbieraj szyszek i ułóż z nich leśny tor przeszkód. 2. Zamknij oczy w lesie piniowym i powąchaj niesamowity zapach żywicy i igliwia. 3. Znajdź na plaży miejsce, gdzie skały tworzą naturalne małe baseniki i poszukaj w nich małych krewetek lub rybek."
